date,air_humidity_id,cloud_coverage_id,air_pressure_id,sun_hours_id,output
1514786400000,97,100,990.1,0.0,
1514808000000,97,100,988.0,1.0,
1514829600000,97,100,985.1,0.0,
1514872800000,95,88,993.3,0.0,
1514894400000,89,88,995.9,1.2,
1514959200000,90,100,997.4,0.0,
1514980800000,88,88,994.2,1.3,
1515002400000,89,100,992.8,0.0,
1515045600000,90,100,991.6,0.0,
1515067200000,96,100,990.5,1.0,
1515088800000,96,100,988.9,0.0,
1515132000000,100,100,987.8,0.0,
1515153600000,100,100,989.4,1.1,
1515175200000,100,100,992.0,0.0,
1515218400000,83,75,998.5,0.0,
1515240000000,85,38,1002.6,2.6,
1515261600000,78,13,1009.0,0.0,
1515304800000,75,0,1021.6,0.0,
1515326400000,66,88,1021.5,2.5,
1515348000000,70,100,1019.5,0.0,
1515391200000,61,25,1028.5,0.0,
1515412800000,77,50,1029.9,3.8,
1515434400000,93,38,1030.8,0.0,
1515477600000,95,50,1030.0,0.0,
1515499200000,90,25,1029.8,3.5,
1515520800000,98,100,1028.4,0.0,
1515564000000,98,25,1025.6,0.0,
1515585600000,99,100,1025.0,1.5,
1515607200000,97,100,1024.4,0.0,
1515650400000,94,100,1025.4,0.0,
1515672000000,98,100,1028.2,1.4,
1515693600000,100,100,1030.9,0.0,
1515736800000,87,100,1036.6,0.0,
1515758400000,80,100,1039.2,1.3,
1515780000000,75,100,1040.7,0.0,
1515823200000,73,100,1041.0,0.0,
1515844800000,69,100,1040.7,1.6,
1515866400000,67,100,1039.9,0.0,
1515909600000,63,100,1036.3,0.0,
1515931200000,62,100,1034.6,1.4,
1515952800000,67,100,1032.6,0.0,
1515996000000,73,100,1023.0,0.0,
1516017600000,73,100,1017.9,1.7,
1516039200000,70,100,1011.2,0.0,
1516082400000,77,100,995.2,0.0,
1516104000000,81,100,990.9,1.4,
1516125600000,100,100,989.1,0.0,
1516168800000,96,100,988.5,0.0,
1516212000000,88,100,992.3,0.0,
1516255200000,92,75,994.9,0.0,
1516276800000,84,88,994.6,1.6,
1516298400000,86,88,996.0,0.0,
1516341600000,84,88,1001.2,0.0,
1516363200000,76,63,1004.4,3.0,
1516384800000,81,50,1006.6,0.0,
1516428000000,88,75,1008.0,0.0,
1516449600000,72,50,1008.3,4.5,
1516471200000,87,75,1009.2,0.0,
1516514400000,100,25,1013.2,0.0,
1516536000000,95,38,1015.5,4.4,
1516557600000,98,63,1016.1,0.0,
1516600800000,92,25,1013.6,0.0,
1516644000000,95,100,1016.4,0.0,
1516687200000,84,100,1019.8,0.0,
1516730400000,79,100,1015.8,0.0,
1516773600000,97,100,998.2,0.0,
1516795200000,90,100,1000.9,2.5,
1516816800000,77,100,995.6,0.0,
1516860000000,74,88,991.1,0.0,
1516881600000,69,50,996.0,5.5,
1516903200000,74,100,1001.3,0.0,
1516946400000,89,25,1009.8,0.0,
1516968000000,80,88,1012.6,3.6,
1516989600000,80,100,1014.7,0.0,
1517032800000,98,100,1017.4,0.0,
1517054400000,83,13,1020.0,7.2,
1517076000000,94,38,1020.4,0.0,
1517119200000,96,100,1004.0,0.0,
1517140800000,93,100,1000.9,2.3,
1517162400000,100,100,1000.5,0.0,
1517205600000,100,100,1005.4,0.0,
1517227200000,96,100,1001.5,2.7,
1517248800000,100,100,998.5,0.0,
1517292000000,100,100,1005.4,0.0,
1517335200000,90,100,1011.4,0.0,
1517378400000,92,100,1007.2,0.0,
1517400000000,91,100,1002.2,3.6,
1517421600000,92,100,995.1,0.0,
1517464800000,97,100,987.2,0.0,
1517486400000,86,88,989.5,3.7,
1517508000000,96,88,991.9,0.0,
1517551200000,86,100,1000.1,0.0,
1517572800000,90,100,1001.7,3.5,
1517594400000,95,100,1004.0,0.0,
1517637600000,89,100,1006.6,0.0,
1517659200000,87,100,1009.8,3.7,
1517680800000,88,100,1013.3,0.0,
1517724000000,80,100,1023.6,0.0,
1517745600000,72,50,1028.3,6.7,
1517767200000,88,100,1031.9,0.0,
1517810400000,91,88,1033.8,0.0,
1517832000000,71,13,1032.1,10.7,
1517853600000,80,0,1027.5,0.0,
1517896800000,88,100,1023.3,0.0,
1517918400000,78,100,1012.8,3.5,
1517940000000,86,100,1011.4,0.0,
1517983200000,91,50,1012.8,0.0,
1518004800000,81,100,1013.7,3.2,
1518026400000,84,100,1014.3,0.0,
1518069600000,97,100,1015.5,0.0,
1518091200000,82,88,1016.0,4.5,
1518112800000,86,100,1016.9,0.0,
1518156000000,94,38,1018.7,0.0,
1518177600000,53,25,1019.7,8.4,
1518199200000,66,13,1020.9,0.0,
1518242400000,93,25,1020.5,0.0,
1518264000000,93,88,1018.8,3.7,
1518285600000,77,88,1016.9,0.0,
1518328800000,80,88,1010.0,0.0,
1518350400000,74,100,1007.5,3.1,
1518372000000,80,100,1004.7,0.0,
1518415200000,97,100,999.4,0.0,
1518436800000,88,88,999.0,4.9,
1518458400000,81,100,998.6,0.0,
1518501600000,86,63,1004.1,0.0,
1518523200000,86,100,1009.0,3.9,
1518588000000,93,88,1020.0,0.0,
1518609600000,65,63,1023.2,4.9,
1518631200000,87,38,1025.2,0.0,
1518674400000,90,75,1025.3,0.0,
1518696000000,73,88,1023.8,4.4,
1518717600000,84,88,1021.5,0.0,
1518760800000,80,88,1016.5,0.0,
1518782400000,86,100,1016.8,4.4,
1518804000000,93,100,1018.3,0.0,
1518847200000,92,100,1022.0,0.0,
1518868800000,72,75,1023.2,11.0,
1518890400000,80,88,1023.8,0.0,
1518933600000,91,100,1023.8,0.0,
1518955200000,86,100,1023.9,4.2,
1518976800000,96,100,1022.9,0.0,
1519020000000,100,100,1023.2,0.0,
1519041600000,53,100,1026.3,5.2,
1519063200000,83,100,1028.2,0.0,
1519106400000,93,100,1028.5,0.0,
1519128000000,71,50,1028.6,10.0,
1519149600000,74,13,1028.1,0.0,
1519192800000,88,100,1026.7,0.0,
1519214400000,67,38,1027.5,17.4,
1519236000000,87,50,1028.5,0.0,
1519279200000,92,100,1029.6,0.0,
1519300800000,82,75,1029.3,9.1,
1519322400000,70,100,1027.9,0.0,
1519365600000,99,100,1025.6,0.0,
1519387200000,80,100,1027.9,14.5,
1519408800000,84,25,1032.0,0.0,
1519452000000,85,63,1038.6,0.0,
1519473600000,72,88,1038.9,7.7,
1519495200000,80,75,1038.7,0.0,
1519538400000,92,25,1039.9,0.1,
1519560000000,65,75,1039.7,9.2,
1519581600000,82,100,1038.3,0.0,
1519624800000,91,100,1035.8,0.1,
1519646400000,91,100,1034.0,7.6,
1519668000000,95,88,1033.3,0.0,
1519711200000,79,100,1037.1,0.1,
1519732800000,89,50,1041.7,9.0,
1519754400000,91,100,1043.6,0.0,
1519797600000,88,100,1044.3,0.1,
1519819200000,94,100,1045.2,5.6,
1519840800000,92,38,1043.8,0.0,
1519884000000,85,88,1037.2,0.1,0.0
1519905600000,84,100,1034.0,5.6,0.0
1519927200000,89,13,1030.4,0.0,0.0
1519970400000,81,75,1022.5,0.4,0.01
1519992000000,74,63,1019.4,10.9,5.57
1520013600000,71,38,1017.6,0.0,0.0
1520056800000,86,13,1014.4,0.5,0.01
1520078400000,62,75,1013.2,13.3,9.29
1520143200000,90,100,1009.7,0.3,0.0
1520164800000,69,100,1009.5,9.7,3.43
1520186400000,68,100,1009.3,0.0,0.0
1520229600000,85,100,1009.4,0.3,0.0
1520251200000,71,100,1008.1,7.4,4.63
1520272800000,86,75,1006.4,0.0,0.0
1520316000000,79,100,1003.2,0.3,0.0
1520337600000,84,100,1003.1,5.7,0.26
1520359200000,87,100,1004.2,0.0,0.0
1520402400000,82,100,1004.2,0.5,0.0
1520424000000,76,88,1004.8,11.5,2.16
1520445600000,87,100,1004.8,0.0,0.0
1520488800000,91,100,1002.0,0.4,0.0
1520510400000,97,100,1000.4,9.9,0.73
1520532000000,98,100,999.2,0.0,0.0
1520575200000,100,100,997.9,0.5,0.0
1520596800000,80,88,1000.4,10.0,0.18
1520618400000,94,100,1002.2,0.0,0.0
1520661600000,100,100,1005.9,0.5,0.0
1520683200000,99,100,1007.5,7.6,0.67
1520704800000,96,100,1008.9,0.0,0.0
1520748000000,89,100,1009.8,0.6,0.01
1520769600000,72,100,1010.3,10.6,1.83
1520791200000,86,100,1008.6,0.0,0.0
1520834400000,97,100,1000.9,0.6,0.0
1520856000000,98,100,996.9,7.8,1.24
1520877600000,99,100,994.0,0.0,0.0
1520920800000,100,100,991.3,0.7,0.0
1520942400000,100,100,992.8,11.6,0.73
1520964000000,95,100,997.5,0.0,0.0
1521007200000,80,100,1008.7,0.8,0.04
1521028800000,76,100,1013.5,10.0,12.06
1521050400000,80,88,1017.5,0.0,0.0
1521093600000,86,13,1021.6,2.0,0.19
1521115200000,72,75,1022.8,10.9,7.5
1521136800000,80,13,1024.7,0.0,0.01
1521180000000,85,13,1027.7,2.4,0.14
1521201600000,54,63,1028.5,27.0,6.11
1521223200000,63,13,1029.4,0.0,0.01
1521266400000,85,13,1031.7,2.6,0.11
1521288000000,54,50,1031.1,22.2,6.92
1521309600000,36,13,1029.7,0.0,0.01
1521352800000,58,63,1023.8,2.6,0.18
1521374400000,35,0,1021.1,28.3,12.76
1521396000000,35,25,1017.8,0.0,0.01
1521439200000,57,100,1009.0,1.3,0.16
1521460800000,52,100,1005.3,13.5,7.19
1521482400000,93,25,1005.0,0.0,0.0
1521525600000,88,25,1011.9,3.0,0.23
1521547200000,52,13,1017.3,31.2,12.43
1521568800000,48,13,1020.2,0.0,0.01
1521612000000,58,100,1016.1,3.2,0.4
1521633600000,41,13,1012.5,36.5,11.55
1521698400000,88,13,1003.8,3.9,0.15
1521720000000,62,13,1002.6,37.2,10.72
1521741600000,70,88,1004.5,0.0,0.02
1521784800000,64,63,1006.7,4.0,0.74
1521806400000,51,100,1006.6,18.7,10.78
1521828000000,64,88,1005.5,0.0,0.03
1521871200000,88,50,1002.7,4.2,0.45
1521892800000,77,100,1001.1,11.8,1.49
1521914400000,78,100,1001.1,0.0,0.0
1521957600000,89,100,1000.6,1.7,0.16
1521979200000,60,25,1001.2,38.5,12.39
1522000800000,56,13,1001.9,0.0,0.03
1522044000000,82,88,1011.5,2.0,0.01
1522065600000,45,13,1015.4,35.9,6.6
1524312000000,34,63,1008.8,59.2,12.31
1524333600000,31,13,1010.4,0.3,0.36
1524376800000,49,13,1014.2,16.8,1.05
1524398400000,46,63,1015.5,55.2,11.86
1524420000000,60,63,1016.2,0.4,0.33
1524463200000,62,63,1012.4,13.2,1.53
1524484800000,55,100,1008.0,32.0,1.51
1524506400000,100,100,1002.8,0.3,0.34
1524549600000,70,100,1000.2,6.9,1.14
1524571200000,49,88,999.2,38.7,3.23
1524592800000,79,100,996.4,0.2,0.13
1524636000000,82,100,996.5,7.3,1.49
1524657600000,46,25,995.7,70.1,6.94
1524679200000,49,63,995.8,0.5,0.42
1524722400000,78,63,999.3,8.1,0.7
1524744000000,55,88,1000.7,22.6,3.93
1524765600000,73,63,1002.1,0.4,0.38
1524808800000,75,38,1005.4,16.1,1.37
1524830400000,69,50,1007.1,42.7,7.03
1524852000000,75,75,1009.0,0.3,0.45
1524895200000,69,75,1011.5,16.2,1.54
1524916800000,47,75,1011.9,61.8,2.22
1524938400000,83,75,1012.7,0.6,0.45
1524981600000,88,100,1012.8,6.2,0.58
1525003200000,84,100,1012.8,24.4,5.22
1525024800000,73,75,1013.6,0.8,0.47
1525068000000,73,13,1015.4,20.2,1.61
1525089600000,61,88,1014.4,56.3,3.33
1525111200000,69,88,1010.9,0.5,0.28
1525154400000,93,100,1003.5,7.9,0.53
1525176000000,80,88,1005.7,37.6,4.29
1525197600000,75,50,1005.3,1.0,0.36
1525240800000,85,88,1008.1,7.1,1.49
1525262400000,62,88,1012.8,37.2,2.32
1525284000000,71,13,1014.7,1.0,0.56
1525327200000,68,50,1015.7,15.2,1.87
1525348800000,74,100,1013.8,23.5,1.01
1525370400000,95,100,1010.6,0.4,0.63
1525413600000,83,100,1017.3,9.4,1.16
1525435200000,60,88,1020.0,64.4,12.41
1525456800000,54,50,1021.1,1.0,0.47
1525521600000,44,13,1024.7,83.2,12.7
1525543200000,48,13,1024.4,1.6,0.43
1525586400000,69,25,1024.2,21.5,1.22
1525608000000,49,38,1022.7,76.6,13.03
1525629600000,49,13,1022.3,1.6,0.46
1525672800000,55,13,1022.7,24.5,1.11
1525694400000,37,13,1020.4,93.5,12.77
1525759200000,59,88,1021.5,18.4,1.43
1525780800000,37,25,1019.9,83.9,12.35
1525802400000,47,50,1018.9,1.8,0.75
1525845600000,52,13,1020.5,23.4,1.02
1525888800000,47,13,1019.7,2.2,0.49
1525932000000,56,13,1017.9,27.7,1.15
1525953600000,45,25,1017.9,90.9,12.12
1525975200000,59,13,1017.4,1.8,0.6
1526018400000,57,25,1018.6,22.4,1.69
1526061600000,62,25,1020.1,1.6,0.39
1526104800000,65,13,1021.1,19.2,1.37
1526191200000,55,0,1023.5,22.1,1.12
1526212800000,33,13,1023.5,86.8,12.34
1526277600000,50,13,1023.5,27.1,1.01
1526299200000,26,13,1022.6,99.7,11.99
1526320800000,35,13,1021.7,2.7,0.6
1526385600000,23,25,1019.1,83.4,12.03
1526407200000,30,38,1017.0,2.5,0.7
1526472000000,22,0,1013.4,74.3,12.04
1526493600000,43,50,1013.0,2.1,0.61
1526536800000,61,88,1015.9,16.5,1.27
1526558400000,57,100,1016.3,35.3,12.87
1526580000000,54,50,1015.8,1.8,1.12
1526709600000,53,13,1023.3,23.8,1.03
1526731200000,29,13,1022.9,77.0,12.58
1526752800000,33,13,1022.2,2.3,0.69
1526796000000,47,0,1025.9,24.7,1.02
1526817600000,22,38,1025.7,83.6,12.44
1526839200000,33,63,1025.1,2.0,0.66
1526882400000,46,25,1027.5,22.5,1.56
1526904000000,32,50,1026.4,80.4,9.68
1526925600000,34,38,1024.5,2.1,1.03
1526968800000,49,75,1022.6,22.3,1.27
1526990400000,28,25,1019.5,86.4,12.28
1527012000000,33,50,1018.2,1.9,0.79
1527076800000,42,13,1024.9,57.5,12.01
1527098400000,43,0,1027.5,2.6,0.66
1527141600000,52,38,1032.0,28.4,1.11
1527163200000,19,0,1030.8,107.0,12.12
1527184800000,27,25,1028.9,3.6,0.64
1527228000000,30,0,1029.7,30.5,1.08
1527249600000,28,25,1029.2,103.4,11.95
1527271200000,32,50,1028.1,3.5,0.66
1527314400000,56,13,1029.0,29.1,1.46
1527336000000,28,25,1027.9,101.0,12.02
1527357600000,43,25,1027.2,3.4,0.5
1527400800000,54,50,1030.4,28.3,1.15
1527422400000,23,25,1030.8,101.6,12.55
1527444000000,24,13,1030.4,4.3,0.62
1527487200000,50,0,1031.5,31.3,0.97
1527508800000,24,0,1030.5,99.4,11.09
1527530400000,29,25,1028.3,4.0,1.02
1527573600000,58,0,1026.5,29.1,1.27
1527595200000,30,25,1023.9,89.5,9.77
1527616800000,39,38,1021.5,3.3,0.72
1527660000000,44,0,1023.8,32.5,1.1
1527681600000,25,0,1023.9,120.2,11.87
1527703200000,35,13,1023.3,4.8,0.63
1527746400000,53,0,1026.3,34.4,0.99
1527768000000,37,0,1026.3,118.9,12.27
1527789600000,36,0,1024.3,5.0,0.63
1527832800000,45,13,1021.7,37.8,0.93
1527854400000,22,13,1018.4,113.4,11.99
1527876000000,34,13,1015.5,4.1,0.61
1527940800000,34,38,1012.7,73.4,11.61
1527962400000,44,13,1012.3,4.2,0.73
1528005600000,55,25,1012.2,32.7,1.31
1528027200000,27,25,1010.1,104.9,11.65
1528048800000,65,63,1006.9,3.0,0.75
1528092000000,42,38,1005.6,28.3,1.76
1528113600000,29,13,1006.3,129.0,12.67
1528135200000,48,50,1007.6,5.4,0.64
1528178400000,45,38,1013.4,39.6,1.21
1528200000000,28,75,1013.9,62.0,11.02
1528221600000,33,88,1016.0,3.0,0.73
1528264800000,47,13,1019.8,40.2,2.53
1528286400000,29,75,1019.2,85.3,10.65
1528308000000,57,75,1019.4,3.6,0.65
1528351200000,57,50,1017.4,35.4,2.03
1528372800000,37,75,1012.7,100.9,11.3
1528394400000,56,88,1012.7,3.3,0.79
1528437600000,47,88,1017.4,32.6,1.76
1528459200000,31,13,1017.0,121.4,11.95
1528480800000,46,13,1017.1,5.9,0.71
1528524000000,60,0,1017.5,38.5,0.97
1528545600000,28,13,1015.9,118.1,11.45
1528567200000,41,25,1013.9,4.9,0.92
1528610400000,69,63,1011.7,22.7,2.26
1528632000000,29,38,1008.6,71.9,11.76
1528653600000,34,50,1006.8,3.6,1.09
1528696800000,85,100,1003.3,10.2,0.76
1528718400000,47,63,1002.1,66.4,6.19
1528740000000,48,25,999.8,1.4,0.93
1528783200000,79,88,1002.0,20.0,1.74
1528804800000,46,25,1004.6,101.8,12.01
1528826400000,49,13,1006.4,5.4,0.78
1528869600000,40,25,1009.2,36.6,2.6
1528891200000,40,100,1009.6,43.1,9.78
1528956000000,62,75,1010.5,23.9,1.41
1528977600000,54,75,1009.5,83.6,10.37
1528999200000,64,50,1007.7,5.0,2.07
1529042400000,61,50,1009.0,33.6,1.15
1529064000000,27,13,1011.5,119.6,7.71
1529085600000,32,25,1013.2,5.3,1.27
1529128800000,50,75,1017.1,29.1,2.64
1529150400000,30,88,1016.8,102.2,5.39
1529172000000,41,63,1016.5,3.6,1.8
1529215200000,62,63,1015.9,31.4,0.7
1529236800000,43,88,1013.3,57.3,2.24
1529258400000,89,100,1010.6,1.5,0.97
1529301600000,65,50,1011.8,36.5,1.82
1529323200000,53,100,1011.8,49.5,3.84
1529344800000,46,50,1010.4,5.4,1.33
1529388000000,71,88,1004.2,28.8,1.22
1529409600000,40,38,1003.6,103.9,11.66
1529431200000,40,0,1006.4,5.9,0.79
1529474400000,60,13,1010.5,41.9,1.03
1529496000000,34,13,1010.2,76.4,6.9
1529517600000,92,100,1008.5,2.4,0.69
1529560800000,97,100,1001.8,13.7,0.53
1529582400000,76,100,998.2,47.8,1.7
1529604000000,93,75,995.1,4.4,0.07
1529647200000,90,100,994.0,13.4,1.54
1529668800000,60,88,1001.1,69.6,11.61
1529690400000,55,88,1004.1,2.2,1.14
1529733600000,56,75,1008.6,30.1,1.13
1529863200000,44,25,1013.6,5.8,0.76
1529906400000,56,50,1013.4,26.9,1.07
1529928000000,38,25,1015.1,121.3,10.96
1529949600000,49,75,1017.9,2.5,0.76
1529992800000,68,75,1024.0,24.7,1.6
1530014400000,47,50,1025.0,102.2,10.37
1530079200000,57,25,1026.3,25.5,0.93
1530100800000,39,13,1026.9,110.1,11.85
1530122400000,59,25,1026.4,4.6,0.81
1530165600000,48,25,1024.2,32.6,0.97
1530187200000,31,25,1018.9,119.7,11.44
1530208800000,41,75,1013.2,4.0,1.29
1530252000000,61,88,1017.1,-999.0,1.22
1530273600000,44,75,1018.6,-999.0,12.37
1530295200000,44,75,1019.3,-999.0,1.12
1530338400000,58,13,1021.6,-999.0,1.07
1530360000000,41,63,1022.0,-999.0,8.36
1530381600000,42,13,1023.4,-999.0,0.79
1530424800000,61,0,1025.4,38.4,1.01
1530446400000,34,13,1023.8,125.8,11.71
1530468000000,41,13,1022.4,6.3,0.77
1530511200000,63,25,1017.1,30.9,1.04
1530532800000,24,75,1014.8,85.6,12.87
1530554400000,54,88,1014.7,2.1,1.1
1530597600000,62,88,1011.8,15.3,1.48
1530619200000,54,88,1011.2,47.2,9.73
1530640800000,35,50,1009.4,2.1,0.8
1530684000000,54,13,1010.2,38.7,1.05
1530705600000,39,13,1009.6,146.8,12.67
1530727200000,51,13,1009.7,6.8,0.74
1530770400000,64,0,1008.8,36.3,0.92
1530792000000,38,63,1007.2,106.3,12.56
1530813600000,48,63,1006.2,4.8,1.01
1530856800000,57,25,1006.6,34.5,1.01
1530878400000,34,13,1008.0,106.9,10.42
1530900000000,46,50,1010.6,5.4,0.27
1530943200000,64,75,1014.5,13.1,0.37
1530964800000,50,88,1016.5,75.8,2.97
1530986400000,52,50,1016.4,5.2,0.88
1531029600000,50,13,1018.6,38.0,1.02
1531051200000,36,13,1017.2,143.4,12.65
1531072800000,54,25,1015.6,5.9,0.76
1531116000000,68,75,1013.9,30.3,2.12
1531137600000,36,88,1015.2,97.7,4.49
1531159200000,39,50,1016.5,4.6,1.11
1531202400000,66,25,1020.2,34.4,1.31
1531224000000,41,38,1020.9,121.2,9.84
1531245600000,37,25,1020.5,5.5,0.81
1531288800000,56,38,1019.9,18.3,0.97
1531310400000,49,50,1019.6,112.3,7.64
1531332000000,53,38,1018.5,5.3,0.86
1531375200000,67,13,1017.5,31.3,1.12
1531396800000,46,25,1016.5,121.3,10.12
1531418400000,49,13,1015.7,5.3,1.01
1531461600000,59,13,1015.8,30.8,1.01
1531483200000,30,38,1014.0,109.5,12.05
1531504800000,40,13,1013.4,4.9,0.72
1531548000000,45,25,1013.8,29.1,1.23
1531569600000,24,38,1012.6,104.1,5.85
1531591200000,36,25,1012.4,3.6,1.2
1531634400000,58,0,1013.6,25.1,1.06
1531656000000,30,13,1013.1,78.3,10.94
1531677600000,38,13,1013.9,4.4,0.8
1531742400000,24,13,1015.1,118.8,11.76
1531764000000,34,13,1014.7,5.0,0.8
1531807200000,57,0,1015.3,28.5,1.1
1531828800000,29,25,1014.6,107.2,8.34
1531850400000,36,50,1013.7,3.4,1.18
1531893600000,54,25,1013.5,25.2,1.55
1531915200000,34,38,1012.9,105.0,5.28
1531936800000,45,13,1012.9,4.3,0.8
1531980000000,58,25,1013.2,29.9,1.78
1532001600000,29,38,1012.4,109.9,11.06
1532023200000,38,50,1012.3,2.6,1.03
1532066400000,51,25,1011.0,28.5,1.3
1532088000000,25,50,1008.5,116.8,11.82
1532109600000,45,50,1008.1,2.9,1.57
1532174400000,51,88,1007.1,59.2,12.36
1532196000000,65,38,1005.6,3.4,0.78
1532239200000,67,38,1007.8,25.6,1.74
1532260800000,38,50,1007.8,32.4,6.25
1532282400000,42,25,1008.0,4.6,0.85
1532325600000,62,13,1010.6,28.9,1.4
1532347200000,41,63,1010.5,103.5,12.24
1532368800000,56,50,1010.9,3.9,0.72
1532412000000,63,13,1012.6,27.9,1.05
1532433600000,41,38,1012.6,96.0,12.16
1532455200000,48,13,1013.1,4.0,0.87
1532498400000,63,0,1015.5,30.7,0.94
1532520000000,33,13,1015.1,125.5,10.19
1532541600000,59,25,1015.4,4.3,0.74
1532584800000,59,13,1017.7,26.3,1.07
1532606400000,31,13,1018.4,99.7,11.79
1532628000000,34,25,1019.4,3.5,0.7
1532671200000,72,13,1023.6,24.8,0.99
1532692800000,31,13,1023.3,102.2,11.63
1532714400000,57,13,1022.1,3.6,0.69
1532757600000,73,88,1018.8,18.2,1.6
1532779200000,70,88,1017.0,50.3,6.04
1532800800000,73,88,1014.7,0.8,0.68
1532844000000,100,100,1013.5,6.9,1.3
1532865600000,66,88,1013.9,48.7,4.33
1532887200000,82,38,1015.8,2.4,0.82
1532930400000,82,50,1018.0,19.7,1.06
1532952000000,62,88,1018.6,76.2,8.97
1532973600000,75,88,1018.4,3.1,0.58
1533016800000,83,100,1020.5,8.6,2.24
1533038400000,48,50,1020.1,98.6,10.74
1533060000000,69,13,1019.8,2.8,0.61
1533103200000,76,50,1020.3,22.0,1.38
1533124800000,45,25,1020.0,99.2,8.84
1533146400000,62,63,1020.1,1.8,0.98
1533189600000,84,88,1020.2,14.0,1.15
1533211200000,57,75,1018.2,83.0,9.94
1533232800000,61,88,1017.6,0.9,0.54
1533276000000,66,25,1017.8,23.2,0.96
1533297600000,34,50,1016.4,103.2,12.02
1533319200000,42,50,1014.3,2.3,0.76
1533362400000,72,88,1011.5,11.7,1.02
1533384000000,61,63,1010.5,69.4,10.75
1533405600000,72,50,1010.6,1.2,0.73
1533448800000,72,38,1009.3,20.7,1.47
1533470400000,49,63,1006.6,93.1,10.26
1533492000000,65,25,1007.7,1.8,0.97
1533535200000,65,50,1010.7,14.5,1.43
1533556800000,35,38,1010.7,103.6,11.28
1533578400000,41,88,1010.8,1.6,0.48
1533621600000,67,13,1013.1,25.4,1.1
1533643200000,39,38,1013.5,98.3,6.53
1533664800000,55,50,1013.4,2.1,0.71
1533708000000,78,75,1013.2,12.9,1.11
1533729600000,42,75,1013.0,80.7,11.55
1533751200000,41,100,1011.3,0.8,0.79
1533794400000,77,100,1012.5,5.9,1.17
1533816000000,46,38,1013.4,90.0,6.5
1533837600000,58,63,1013.7,1.6,0.52
1533880800000,78,100,1008.7,8.0,0.73
1533902400000,54,38,1007.5,93.5,9.8
1533924000000,45,50,1010.6,2.0,0.72
1533967200000,59,13,1015.3,25.8,0.93
1533988800000,33,75,1014.2,43.7,10.48
1534010400000,57,88,1011.3,1.1,0.23
1534053600000,81,75,1003.3,16.2,1.18
1534075200000,74,100,1003.8,61.1,2.97
1534096800000,91,100,1006.7,0.6,0.13
1534140000000,72,13,1009.3,23.2,0.65
1534161600000,37,13,1009.5,102.0,12.44
1534183200000,43,25,1009.4,1.6,0.53
1534226400000,66,63,1010.3,19.9,1.56
1534248000000,57,88,1010.0,47.0,0.96
1534269600000,68,100,1008.6,0.6,0.11
1534312800000,94,100,1009.6,9.9,1.51
1534334400000,61,38,1012.0,81.9,3.38
1534356000000,65,75,1013.7,0.8,0.49
1534399200000,75,38,1015.8,13.1,0.77
1534442400000,70,100,1014.7,0.8,0.71
1534485600000,76,88,1014.3,12.3,1.28
1534507200000,44,88,1012.7,59.1,9.17
1534528800000,91,100,1013.1,0.3,0.54
1534572000000,78,13,1015.8,19.4,0.73
1534593600000,44,75,1013.9,85.2,7.01
1534615200000,58,100,1011.4,0.4,0.21
1534658400000,68,50,1010.6,19.4,1.09
1534680000000,44,75,1011.6,80.2,11.16
1534701600000,49,88,1011.7,0.4,0.43
1534744800000,78,50,1007.7,17.4,0.89
1534766400000,60,100,1006.3,42.0,5.66
1534831200000,61,0,1014.9,17.2,0.76
1534852800000,41,25,1017.0,85.0,11.22
1534874400000,32,25,1018.5,0.6,0.28
1534917600000,55,38,1019.1,14.4,0.9
1534939200000,44,88,1016.1,58.6,4.14
1534960800000,57,88,1012.4,0.2,0.18
1535004000000,65,75,1009.6,11.0,0.89
1535025600000,50,88,1009.2,24.0,3.66
1535090400000,76,75,1001.2,3.6,1.16
1535112000000,49,88,999.8,45.2,3.53
1535133600000,71,100,999.3,0.1,0.14
1535176800000,79,25,1003.6,14.7,0.87
1535198400000,46,63,1004.3,68.1,11.76
1535220000000,64,50,1004.8,0.2,0.26
1535263200000,91,75,1005.8,8.6,1.2
1535284800000,58,50,1006.5,60.0,5.15
1535306400000,85,50,1008.0,0.1,0.34
1535349600000,75,100,1011.7,11.8,0.97
1535371200000,50,50,1012.2,50.1,7.5
1535392800000,86,100,1012.5,0.0,0.03
1535436000000,91,88,1011.1,3.6,0.52
1535457600000,62,88,1012.9,56.3,1.43
1535479200000,73,88,1016.0,0.0,0.22
1535522400000,86,13,1019.9,7.9,0.87
1535544000000,54,75,1019.6,45.2,2.53
1535565600000,79,25,1019.1,0.0,0.02
1535608800000,83,100,1016.2,5.3,1.02
1535630400000,63,100,1015.9,20.5,5.91
1535652000000,75,100,1016.6,0.0,0.01
1535695200000,96,100,1018.0,4.4,0.1
1535716800000,86,100,1019.2,19.5,1.17
1535738400000,92,100,1020.6,0.0,0.0
1535781600000,93,100,1020.8,3.0,0.59
1535803200000,65,75,1022.3,18.0,9.21
1535824800000,78,25,1024.7,0.0,0.15
1535868000000,90,13,1028.3,12.2,0.63
1535889600000,47,13,1028.5,69.7,11.12
1535911200000,58,13,1028.2,0.0,0.14
1535954400000,74,0,1027.5,11.4,0.59
1535976000000,41,50,1025.5,61.3,10.96
1535997600000,59,25,1023.4,0.0,0.21
1536040800000,69,50,1020.8,9.8,0.53
1536062400000,49,88,1019.5,26.7,6.87
1536084000000,69,75,1019.6,0.0,0.21
1536148800000,55,38,1020.9,50.2,4.01
1536170400000,70,88,1020.8,0.0,0.0
1536213600000,94,100,1020.8,3.0,0.24
1536235200000,70,50,1020.0,47.6,2.69
1536256800000,76,25,1019.1,0.0,0.01
1536300000000,98,100,1017.3,3.2,0.32
1536321600000,84,100,1016.2,13.0,1.78
1536343200000,84,88,1015.0,0.0,0.02
1536408000000,72,75,1015.0,13.2,2.05
1536429600000,74,25,1017.2,0.0,0.05
1536472800000,70,50,1020.4,7.6,0.6
1536494400000,53,50,1020.9,34.9,9.77
1536516000000,81,13,1021.8,0.0,0.03
1536559200000,83,63,1019.8,9.2,0.87
1536580800000,69,100,1016.9,30.8,0.85
1536602400000,90,88,1015.3,0.0,0.14
1536645600000,85,63,1013.7,7.1,0.45
1536667200000,68,100,1010.0,28.3,1.51
1536688800000,92,100,1001.4,0.0,0.01
1536732000000,75,50,1002.7,9.0,0.68
1536753600000,54,63,1002.7,53.1,8.4
1536775200000,55,13,1004.6,0.0,0.03
1536818400000,76,13,1011.5,9.2,0.55
1536840000000,49,63,1013.3,57.1,8.24
1536861600000,53,88,1013.1,0.0,0.03
1536904800000,78,88,1012.1,7.3,0.42
1536926400000,48,75,1011.6,45.1,7.7
1536948000000,65,75,1011.9,0.0,0.01
1536991200000,84,100,1008.5,3.5,0.36
1537012800000,53,63,1009.0,49.7,10.95
1537034400000,53,13,1011.0,0.0,0.01
1537077600000,82,13,1015.4,8.0,0.4
1537099200000,46,63,1016.0,52.5,9.01
1537120800000,53,88,1015.4,0.0,0.0
1537164000000,92,100,1005.9,3.9,0.27
1537185600000,74,88,1007.8,38.6,4.55
1537250400000,77,88,1012.7,3.1,0.4
1537272000000,66,50,1010.2,39.4,11.07
1537293600000,70,13,1008.0,0.0,0.0
1537336800000,73,13,1005.6,6.6,0.49
1537358400000,48,13,1007.4,41.9,6.01
1537380000000,65,38,1008.8,0.0,0.0
1537423200000,76,75,1005.5,5.4,0.38
1537444800000,47,88,1007.2,22.6,2.83
1537466400000,59,88,1007.4,0.0,0.0
1537509600000,90,100,1004.5,1.2,0.19
1537531200000,70,88,998.3,27.7,2.75
1537552800000,73,100,992.7,0.0,0.0
1537596000000,68,75,990.3,4.1,0.25
1537617600000,50,50,995.3,32.5,11.39
1537639200000,59,38,997.3,0.0,0.0
1537682400000,82,13,996.8,5.7,0.33
1537704000000,54,75,998.6,25.1,9.75
1537725600000,63,100,1001.1,0.0,0.0
1537768800000,66,0,1007.5,5.1,0.28
1537790400000,45,75,1011.7,35.8,8.34
1537812000000,45,50,1016.2,0.0,0.0
1537855200000,66,13,1025.2,5.2,0.28
1537876800000,31,13,1025.7,41.4,11.14
1537898400000,58,100,1023.4,0.0,0.0
1537941600000,93,100,1009.0,2.2,0.01
1537963200000,77,100,1000.9,19.5,1.19
1537984800000,94,75,1003.1,0.0,0.0
1538028000000,60,88,1010.2,1.8,0.15
1538049600000,52,100,1010.2,23.2,1.47
1538071200000,92,100,1000.6,0.0,0.0
1538114400000,88,100,1007.7,1.7,0.08
1538136000000,64,100,1012.6,15.4,7.87
1538157600000,70,25,1017.0,0.0,0.0
1538200800000,67,75,1020.3,2.4,0.26
1538222400000,38,75,1016.1,28.8,5.98
1538244000000,77,88,1010.0,0.0,0.0
1538287200000,72,100,1004.4,2.0,0.09
1538308800000,66,75,1004.1,33.4,2.1
1538330400000,86,38,1004.3,0.0,0.0
1538373600000,91,100,1005.6,2.2,0.19
1538395200000,75,75,1006.6,28.0,4.83
1538416800000,87,38,1007.6,0.0,0.0
1538460000000,97,50,1003.9,2.7,0.35
1538481600000,72,88,999.5,22.7,1.89
1538503200000,88,88,994.0,0.0,0.0
1538546400000,91,75,997.0,2.5,0.11
1538568000000,67,38,1004.6,25.3,10.57
1538589600000,76,25,1009.7,0.0,0.0
1538632800000,90,38,1016.2,3.4,0.2
1538654400000,58,75,1016.9,21.5,7.72
1538676000000,75,100,1015.1,0.0,0.0
1538719200000,82,75,1006.2,1.8,0.01
1538740800000,56,50,1008.3,30.0,6.05
1538762400000,67,38,1009.2,0.0,0.0
1538805600000,80,75,1007.1,1.2,0.07
1538827200000,58,88,1007.3,14.5,2.54
1538848800000,69,88,1007.7,0.0,0.0
1538892000000,85,100,1010.5,0.8,0.03
1538913600000,57,13,1013.9,24.9,10.16
1538935200000,62,50,1017.5,0.0,0.0
1538978400000,80,100,1014.4,1.2,0.0
1539000000000,81,100,1011.8,10.7,1.11
1539021600000,80,88,1010.7,0.0,0.0
1539064800000,89,100,1010.5,0.8,0.03
1539086400000,71,100,1010.6,14.0,0.92
1539108000000,73,88,1009.9,0.0,0.0
1539151200000,75,100,1016.0,0.8,0.04
1539172800000,70,100,1021.8,12.8,0.66
1539194400000,79,100,1025.3,0.0,0.0
1539237600000,92,25,1028.0,1.9,0.06
1539259200000,86,100,1028.3,9.5,9.38
1539280800000,97,100,1026.6,0.0,0.0
1539324000000,95,50,1023.4,1.5,0.0
1539345600000,65,13,1022.4,22.6,8.47
1539367200000,89,13,1022.3,0.0,0.0
1539410400000,92,63,1021.9,1.4,0.04
1539432000000,63,88,1021.3,22.6,6.0
1539453600000,74,88,1021.2,0.0,0.0
1539496800000,88,13,1019.6,1.5,0.03
1539518400000,64,25,1018.2,22.5,8.93
1539540000000,81,13,1015.8,0.0,0.0
1539583200000,86,13,1014.7,1.3,0.03
1539604800000,54,0,1014.5,19.6,8.52
1539626400000,79,25,1014.0,0.0,0.0
1539669600000,93,38,1016.6,1.0,0.0
1539691200000,77,100,1019.0,9.1,1.59
1539712800000,86,100,1020.0,0.0,0.0
1539777600000,83,100,1017.6,7.1,6.03
1539799200000,92,88,1017.0,0.0,0.0
1539885600000,62,0,1019.6,0.0,0.0
1539950400000,58,13,1022.6,20.6,9.22
1539972000000,61,50,1021.7,0.0,0.0
1540015200000,80,100,1020.1,0.3,0.0
1540058400000,80,75,1022.9,0.0,0.0
1540101600000,86,63,1020.4,0.5,0.0
1540123200000,79,100,1017.3,7.9,0.91
1540144800000,81,100,1012.9,0.0,0.0
1540188000000,80,25,1011.0,0.6,0.0
1540231200000,55,13,1011.3,0.0,0.0
1540274400000,99,100,988.2,0.2,0.0
1540296000000,85,100,987.6,5.7,1.86
1540317600000,83,50,990.4,0.0,0.0
1540360800000,74,13,999.6,0.4,0.0
1540382400000,58,25,1004.0,14.6,8.99
1540404000000,59,13,1004.8,0.0,0.0
1540447200000,77,88,994.9,0.2,0.0
1540468800000,62,25,996.0,13.9,2.64
1540490400000,67,75,999.2,0.0,0.0
1540533600000,84,25,1002.1,0.3,0.0
1540555200000,68,63,1003.2,11.8,6.97
1540576800000,88,63,1003.4,0.0,0.0
1540620000000,84,88,999.7,0.1,0.0
1540641600000,76,100,1002.5,5.1,2.8
1540663200000,70,63,1008.4,0.0,0.0
1540706400000,83,100,1021.0,0.0,0.0
1540728000000,71,63,1025.6,6.3,5.29
1540749600000,83,25,1028.7,0.0,0.0
1540792800000,74,100,1030.3,0.0,0.0
1540814400000,62,88,1029.4,5.6,2.44
1540836000000,55,100,1025.9,0.0,0.0
1540879200000,93,100,1014.6,0.0,0.0
1540900800000,91,100,1009.6,2.6,0.3
1540922400000,93,100,1007.2,0.0,0.0
1540965600000,81,63,1005.0,0.0,0.0
1540987200000,77,100,1008.1,4.2,7.92
1541008800000,86,100,1014.3,0.0,0.0
1541052000000,83,100,1024.3,0.0,0.0
1541073600000,75,38,1023.9,10.1,7.28
1541095200000,89,75,1022.1,0.0,0.0
1541138400000,95,100,1013.6,0.0,0.0
1541160000000,88,100,1013.1,6.1,0.4
1541181600000,85,75,1015.7,0.0,0.0
1541224800000,81,88,1018.1,0.0,0.0
1541246400000,72,75,1021.6,10.3,0.73
1541268000000,85,13,1024.2,0.0,0.0
1541311200000,91,38,1024.8,0.0,0.0
1541332800000,65,13,1025.3,12.0,7.76
1541354400000,91,38,1025.1,0.0,0.0
1541397600000,87,100,1021.9,0.0,0.0
1541419200000,96,100,1021.0,3.0,0.38
1541440800000,96,100,1019.8,0.0,0.0
1541484000000,96,100,1016.8,0.0,0.0
1541505600000,95,100,1016.1,2.8,0.43
1541527200000,95,100,1014.6,0.0,0.0
1541570400000,97,100,1016.4,0.0,0.0
1541592000000,96,100,1017.1,2.8,0.39
1541613600000,99,100,1017.3,0.0,0.0
1541656800000,95,100,1019.3,0.0,0.0
1541678400000,97,100,1020.3,3.1,0.53
1541700000000,98,100,1020.9,0.0,0.0
1541743200000,99,100,1021.7,0.0,0.0
1541764800000,94,100,1021.3,2.6,0.41
1541786400000,95,100,1019.8,0.0,0.0
1541829600000,99,100,1016.5,0.0,0.0
1541851200000,97,100,1016.5,2.4,0.36
1541872800000,95,100,1016.9,0.0,0.0
1541916000000,95,100,1016.5,0.0,0.0
1541959200000,97,100,1015.9,0.0,0.0
1542002400000,97,100,1014.1,0.0,0.0
1542024000000,93,100,1015.4,3.3,3.21
1542045600000,96,100,1015.3,0.0,0.0
1542088800000,97,100,1012.4,0.0,0.0
1542110400000,91,100,1014.2,4.0,2.33
1542132000000,90,88,1014.8,0.0,0.0
1542175200000,94,100,1017.9,0.0,0.0
1542196800000,79,100,1021.9,3.6,0.46
1542218400000,82,100,1023.7,0.0,0.0
1542261600000,98,100,1026.6,0.0,0.0
1542283200000,84,100,1027.6,4.2,0.2
1542304800000,91,100,1029.1,0.0,0.0
1542348000000,92,25,1033.8,0.0,0.0
1542391200000,87,13,1036.9,0.0,0.0
1542434400000,87,100,1036.5,0.0,0.0
1542456000000,82,50,1037.8,4.8,0.52
1542477600000,91,50,1036.9,0.0,0.0
1542542400000,72,100,1039.0,2.8,0.88
1542564000000,73,100,1038.8,0.0,0.0
1542628800000,71,88,1039.1,2.5,0.9
1542650400000,82,50,1038.6,0.0,0.0
1542693600000,80,100,1034.4,0.0,0.0
1542715200000,77,88,1032.6,2.7,1.1
1542736800000,86,100,1032.3,0.0,0.0
1542780000000,85,100,1034.4,0.0,0.0
1542823200000,71,88,1033.7,0.0,0.0
1542866400000,84,100,1027.8,0.0,0.0
1542888000000,83,88,1026.6,3.5,0.59
1542909600000,88,50,1026.3,0.0,0.0
1542952800000,93,100,1024.6,0.0,0.0
1542974400000,89,100,1023.4,1.7,0.47
1543039200000,94,100,1016.1,0.0,0.0
1543060800000,82,13,1016.6,4.1,5.55
1543082400000,88,100,1018.0,0.0,0.0
1543125600000,95,13,1018.8,0.0,0.0
1543147200000,85,0,1018.9,4.1,5.71
1543168800000,85,13,1018.2,0.0,0.0
1543212000000,77,100,1014.4,0.0,0.0
1543233600000,72,13,1014.3,4.1,5.86
1543255200000,79,13,1015.4,0.0,0.0
1543298400000,85,0,1019.9,-999.0,0.0
1543320000000,76,13,1023.3,-999.0,5.83
1543341600000,85,0,1026.4,-999.0,0.0
1543384800000,89,0,1031.1,-999.0,0.0
1543406400000,76,13,1031.5,-999.0,5.84
1543428000000,74,25,1030.6,-999.0,0.0
1543471200000,65,75,1022.6,0.0,0.0
1543492800000,68,100,1019.9,1.4,0.28
1543557600000,89,100,1011.4,-999.0,0.0
1543579200000,90,100,1011.8,-999.0,0.19
1543600800000,91,100,1012.3,-999.0,0.0
1543644000000,91,100,1011.7,-999.0,0.0
1543665600000,90,100,1010.7,-999.0,0.55
1543687200000,94,100,1009.0,-999.0,0.0
1543730400000,93,100,1005.3,0.0,0.0
1543752000000,88,100,1003.7,1.4,0.16
1543773600000,87,100,1000.7,0.0,0.0
1543816800000,95,100,994.2,0.0,0.0
1543838400000,94,100,992.5,1.3,0.34
1543860000000,96,100,990.5,0.0,0.0
1543903200000,92,38,990.3,0.0,0.0
1543924800000,89,100,991.2,1.7,0.39
1543989600000,65,0,1011.1,0.0,0.0
1544011200000,61,13,1015.6,2.9,4.07
1544032800000,68,0,1016.7,0.0,0.0
1544076000000,88,100,1015.6,0.0,0.0
1544097600000,89,88,1014.8,1.9,0.43
1544119200000,96,100,1012.2,0.0,0.0
1544162400000,94,100,999.4,0.0,0.0
1544184000000,99,100,996.7,1.3,0.0
1544205600000,99,100,994.4,0.0,0.0
1544248800000,98,100,983.8,0.0,0.0
1544270400000,95,100,983.1,1.3,0.52
1544292000000,85,100,982.0,0.0,0.0
1544335200000,91,100,976.3,0.0,0.0
1544356800000,93,100,979.9,1.0,0.48
1544378400000,95,100,984.1,0.0,0.0
1544421600000,89,100,989.1,0.0,0.0
1544443200000,86,50,993.2,1.7,0.39
1544464800000,95,100,999.0,0.0,0.0
1544508000000,94,100,1011.6,0.0,0.0
1544529600000,89,88,1017.4,1.1,0.21
1544551200000,89,88,1022.3,0.0,0.0
1544594400000,91,88,1028.3,0.0,0.0
1544616000000,84,88,1030.7,1.7,0.51
1544680800000,94,100,1033.0,0.0,0.0
1544702400000,87,100,1032.9,1.8,0.37
1544724000000,88,100,1033.2,0.0,0.0
1544767200000,93,100,1034.2,0.0,0.0
1544788800000,81,75,1034.4,1.9,0.26
1544810400000,88,38,1035.3,0.0,0.0
1544853600000,92,88,1036.1,0.0,0.0
1544875200000,91,88,1036.1,1.6,0.13
1544896800000,91,100,1034.9,0.0,0.0
1544940000000,91,88,1028.5,0.0,0.0
1544961600000,94,100,1025.4,1.0,0.06
1544983200000,98,100,1020.7,0.0,0.0
1545026400000,98,25,1017.0,0.0,0.0
1545048000000,95,100,1019.8,1.4,0.0
1545069600000,94,100,1022.4,0.0,0.0
1545112800000,95,100,1024.7,0.0,0.0
1545134400000,92,100,1025.0,1.1,0.0
1545156000000,88,100,1026.6,0.0,0.0
1545199200000,76,100,1026.3,0.0,0.0
1545220800000,82,100,1025.2,1.4,0.0
1545242400000,90,100,1023.3,0.0,0.0
1545285600000,77,100,1023.1,0.0,0.0
1545307200000,78,100,1022.4,1.1,0.02
1545328800000,80,100,1021.3,0.0,0.0
1545372000000,80,100,1016.7,0.0,0.0
1545393600000,83,100,1014.1,1.0,0.0
1545415200000,84,100,1011.3,0.0,0.0
1545458400000,87,100,1007.0,0.0,0.0
1545480000000,89,100,1008.3,1.1,0.23
1545501600000,94,100,1010.1,0.0,0.0
1545544800000,91,100,1012.0,0.0,0.0
1545566400000,90,100,1012.7,1.1,1.37
1545588000000,89,100,1013.2,0.0,0.0
1545631200000,83,100,1016.5,0.0,0.0
1545652800000,86,63,1018.0,2.6,1.56
1545717600000,90,25,1009.5,0.0,0.0
1545739200000,78,88,1010.4,1.8,4.48
1545760800000,75,100,1010.2,0.0,0.0
1545804000000,77,25,1011.8,0.0,0.0
1545825600000,77,63,1014.5,2.2,3.34
1545847200000,81,88,1014.4,0.0,0.0
1545890400000,92,50,1011.4,0.0,0.0
1545912000000,93,63,1010.0,2.2,0.41
1545933600000,90,100,1009.0,0.0,0.0
1545976800000,91,50,1013.2,0.0,0.0
1545998400000,84,25,1016.1,2.9,4.2
1546020000000,94,25,1018.1,0.0,0.0
1546084800000,76,100,1014.3,1.0,0.47
1546106400000,98,100,1013.8,0.0,0.0
1546149600000,92,88,1014.8,0.0,0.0
1546171200000,86,88,1017.2,1.2,1.77
1546192800000,91,100,1021.7,0.0,0.0
1546236000000,93,13,1025.7,-999.0,0.0
1546257600000,90,100,1020.9,-999.0,0.2
1546322400000,77,38,986.9,0.0,0.0
1546344000000,76,75,987.4,2.5,1.48
1546365600000,80,100,992.7,0.0,0.0
1546408800000,60,100,1012.8,0.0,0.0
1546430400000,54,50,1019.5,2.7,5.61
1546452000000,61,75,1023.5,0.0,0.0
1546495200000,84,25,1029.1,0.0,0.0
1546516800000,76,25,1031.3,3.5,2.05
1546538400000,81,100,1028.9,0.0,0.0
1546581600000,72,50,1015.6,0.0,0.0
1546603200000,92,100,1012.2,2.0,0.46
1546624800000,92,100,1011.4,0.0,0.0
1546668000000,94,13,1017.9,0.0,0.0
1546689600000,81,13,1020.8,2.9,1.26
1546711200000,94,75,1023.5,0.0,0.0
1546754400000,89,100,1023.1,0.0,0.0
1546776000000,93,100,1022.2,2.2,0.65
1546797600000,95,100,1021.6,0.0,0.0
1546840800000,94,25,1020.4,0.0,0.0
1546862400000,89,100,1017.1,1.4,0.33
1546884000000,87,100,1009.0,0.0,0.0
1546927200000,94,100,993.2,0.0,0.0
1546948800000,99,100,993.5,1.2,0.51
1546970400000,98,100,997.4,0.0,0.0
1547013600000,86,100,1009.6,0.0,0.0
1547035200000,80,88,1014.7,1.7,0.52
1547056800000,85,25,1018.3,0.0,0.0
1547100000000,86,75,1020.2,0.0,0.0
1547121600000,92,100,1019.0,1.3,0.07
1547143200000,81,100,1014.0,0.0,0.0
1547186400000,92,100,1002.3,0.0,0.0
1547208000000,64,13,1001.7,3.3,2.58
1547229600000,58,25,1001.5,0.0,0.0
1547272800000,67,100,1000.8,0.0,0.0
1547294400000,66,63,998.1,3.3,2.15
1547316000000,75,100,997.2,0.0,0.0
1547359200000,74,100,988.6,0.0,0.0
1547380800000,78,100,980.8,1.5,0.18
1547402400000,90,100,975.3,0.0,0.0
1547445600000,69,13,979.5,0.0,0.0
1547467200000,61,25,981.2,3.7,0.68
1547488800000,61,25,985.5,0.0,0.0
1547532000000,59,50,992.8,0.0,0.0
1547553600000,62,38,994.3,3.8,0.04
1547575200000,71,75,993.6,0.0,0.0
1547618400000,84,13,998.1,0.0,0.0
1547640000000,68,100,995.8,1.5,0.0
1547704800000,91,100,981.1,0.0,0.0
1547726400000,84,88,987.9,3.6,0.81
1547748000000,85,13,994.5,0.0,0.0
1547791200000,79,0,1000.3,0.0,0.0
1547812800000,65,13,1002.8,4.2,3.23
1547834400000,79,13,1005.8,0.0,0.0
1547877600000,86,13,1009.8,0.0,0.0
1547899200000,78,100,1007.0,2.9,1.77
1547920800000,73,63,1007.6,0.0,0.0
1547964000000,72,0,1012.1,0.0,0.0
1547985600000,64,0,1014.4,4.1,6.73
1548007200000,81,0,1015.3,0.0,0.0
1548050400000,88,0,1015.8,0.0,0.0
1548093600000,83,88,1017.0,0.0,0.0
1548136800000,89,100,1013.3,0.0,0.0
1548158400000,79,100,1010.5,1.8,0.0
1548180000000,94,100,1008.8,0.0,0.0
1548223200000,94,100,1008.0,0.0,0.0
1548244800000,92,100,1009.5,1.9,0.1
1548266400000,93,63,1011.3,0.0,0.0
1548309600000,92,63,1015.5,0.0,0.0
1548331200000,86,50,1017.8,3.4,0.48
1548352800000,91,100,1018.8,0.0,0.0
1548396000000,89,100,1017.5,0.0,0.0
1548417600000,91,100,1014.9,1.4,0.17
1548439200000,80,100,1011.3,0.0,0.0
1548482400000,93,100,1005.0,0.0,0.0
1548504000000,90,88,1004.2,5.4,0.0
1548525600000,95,88,1004.0,0.0,0.0
1548568800000,90,25,1002.1,0.0,0.0
1548590400000,83,100,1000.5,2.2,0.0
1548612000000,82,100,998.3,0.0,0.0
1548655200000,92,100,994.2,0.0,0.0
1548676800000,86,100,992.8,2.2,0.0
1548698400000,95,100,990.9,0.0,0.0
1548741600000,93,100,991.9,0.0,0.0
1548763200000,100,100,994.1,2.1,0.0
1548784800000,96,100,996.4,0.0,0.0
1548828000000,91,100,1002.0,0.0,0.0
1548849600000,88,100,1005.5,2.5,0.0
1548871200000,87,100,1007.7,0.0,0.0
1548914400000,88,100,1010.2,0.0,0.0
1548936000000,86,100,1011.5,3.7,0.0
1548957600000,90,88,1012.4,0.0,0.0
1549000800000,73,100,1010.6,0.0,0.0
1549022400000,94,100,1009.2,2.8,0.0
1549044000000,99,100,1007.1,0.0,0.0
1549087200000,99,100,1007.7,0.0,0.0
1549108800000,87,100,1008.1,2.9,0.0
1549130400000,98,100,1006.9,0.0,0.0
1549173600000,99,100,1000.2,0.0,0.0
1549195200000,100,88,1004.4,3.5,0.01
1549216800000,85,25,1012.7,0.0,0.0
1549260000000,83,63,1018.3,0.0,0.0
1549281600000,94,100,1019.5,3.7,0.0
1549303200000,94,100,1017.9,0.0,0.0
1549346400000,94,100,1011.4,0.0,0.0
1549368000000,92,100,1010.5,3.4,0.46
1549389600000,100,100,1012.0,0.0,0.0
1549432800000,88,13,1020.4,0.0,0.0
1549454400000,67,25,1020.6,9.8,4.38
1549476000000,77,100,1016.0,0.0,0.0
1549519200000,96,100,1008.0,0.0,0.0
1549540800000,90,100,1008.9,3.9,1.17
1549562400000,94,100,1005.1,0.0,0.0
1549605600000,89,100,995.5,0.0,0.0
1549627200000,83,88,997.2,4.3,3.41
1549648800000,79,63,1000.9,0.0,0.0
1549692000000,93,100,994.8,0.0,0.0
1549713600000,94,100,991.8,3.8,1.22
1549735200000,94,100,990.5,0.0,0.0
1549778400000,87,100,986.5,0.0,0.0
1549800000000,63,75,989.6,7.3,5.8
1549821600000,71,100,990.8,0.0,0.0
1549864800000,99,100,991.7,0.0,0.0
1549886400000,82,75,996.6,3.8,9.05
1549908000000,75,38,1002.2,0.0,0.0
1549951200000,75,0,1013.1,0.0,0.0
1549972800000,56,0,1016.3,10.9,9.35
1550037600000,93,100,1005.4,0.0,0.0
1550059200000,65,25,1012.6,12.1,5.96
1550080800000,62,63,1016.9,0.0,0.0
1550124000000,79,88,1022.0,0.0,0.0
1550145600000,81,100,1020.6,5.3,1.2
1550167200000,83,100,1019.1,0.0,0.0
1550210400000,93,75,1021.8,0.0,0.0
1550232000000,74,100,1021.9,4.4,4.73
1550253600000,84,13,1019.6,0.0,0.0
1550296800000,68,13,1012.4,0.0,0.0
1550318400000,46,38,1008.8,12.5,6.59
1550340000000,78,100,1009.9,0.0,0.0
1550383200000,76,0,1017.3,0.0,0.0
1550404800000,50,38,1020.2,15.0,0.69
1550426400000,56,100,1021.4,0.0,0.0
1550469600000,96,100,1017.4,0.0,0.0
1550512800000,90,100,1009.1,0.0,0.0
1550556000000,93,100,1001.2,0.0,0.0
1550577600000,88,100,997.1,5.7,1.38
1550599200000,89,100,994.6,0.0,0.0
1550642400000,70,13,1002.2,0.0,0.0
1550664000000,43,13,1010.0,15.6,10.03
1550685600000,54,13,1016.3,0.0,0.0
1550728800000,61,88,1021.6,0.0,0.0
1550750400000,51,88,1024.4,7.4,0.22
1550772000000,52,63,1029.4,0.0,0.0
1550815200000,65,13,1040.9,0.0,0.0
1550836800000,39,25,1043.2,20.6,3.7
1550858400000,58,100,1040.4,0.0,0.0
1550901600000,94,100,1033.8,0.0,0.0
1550923200000,85,100,1033.1,9.6,0.97
1550944800000,92,100,1031.8,0.0,0.0
1550988000000,91,100,1026.1,0.0,0.0
1551009600000,78,50,1025.2,20.7,6.06
1551031200000,83,13,1027.8,0.0,0.0
1551074400000,57,100,1027.0,0.0,0.0
1551096000000,50,88,1026.2,8.0,8.3
1551117600000,56,100,1024.2,0.0,0.0
1551160800000,59,75,1024.9,0.1,0.0
1551182400000,49,25,1027.2,22.6,10.05
1551204000000,56,88,1026.3,0.0,0.0
1551247200000,82,13,1015.6,0.2,0.0
1551268800000,65,88,1011.3,11.5,9.19
1551290400000,61,100,1005.5,0.0,0.0
1551333600000,58,13,997.0,0.3,0.0
1551355200000,49,88,999.8,6.7,10.69
1551376800000,67,25,1006.3,0.0,0.0
1551420000000,63,100,1010.5,0.3,0.0
1551441600000,49,75,1012.5,11.2,10.76
1551463200000,60,13,1012.0,0.0,0.0
1551506400000,78,25,1005.6,0.4,0.0
1551528000000,52,25,1001.6,23.5,10.98
1551549600000,65,88,1000.2,0.0,0.0
1551592800000,96,100,996.3,0.2,0.0
1551614400000,98,100,990.9,9.3,0.91
1551636000000,97,100,990.4,0.0,0.0
1551679200000,93,100,988.8,0.2,0.0
1551700800000,95,100,984.7,10.0,1.39
1551722400000,97,100,978.8,0.0,0.0
1551787200000,71,50,994.5,19.5,1.41
1551808800000,60,63,1002.9,0.0,0.0
1551852000000,73,88,1009.4,0.3,0.0
1551895200000,92,100,1006.2,0.0,0.0
1551938400000,96,100,994.3,0.3,0.0
1551960000000,98,100,989.9,8.2,1.16
1551981600000,100,100,987.2,0.0,0.0
1552024800000,88,88,983.4,0.4,0.01
1552046400000,91,100,980.1,9.0,1.22
1552068000000,94,100,983.3,0.0,0.0
1552111200000,74,13,993.6,1.3,0.0
1552132800000,72,88,990.4,17.6,4.36
1552154400000,95,100,985.4,0.0,0.0
1552197600000,82,38,989.6,1.1,0.0
1552219200000,56,38,990.9,21.9,11.88
1552284000000,77,38,997.5,1.3,0.04
1552305600000,51,50,1000.6,19.0,11.66
1552327200000,43,63,1004.6,0.0,0.0
1552370400000,58,13,1010.9,1.5,0.07
1552392000000,52,13,1011.4,23.5,11.33
1552413600000,44,25,1008.3,0.0,0.0
1552456800000,92,100,996.7,0.7,0.0
1552500000000,90,88,993.5,0.0,0.0
1552543200000,94,100,990.1,0.7,0.02
1552564800000,94,100,989.2,9.9,2.59
1552586400000,93,100,989.8,0.0,0.0
1552629600000,95,100,991.3,0.7,0.09
1552651200000,93,100,989.3,12.7,0.86
1552672800000,97,100,985.6,0.0,0.0
1552716000000,95,100,988.8,1.0,0.12
1552737600000,83,100,993.6,9.2,3.43
1552759200000,82,88,996.6,0.0,0.0
1552802400000,93,100,991.0,1.0,0.0
1552824000000,90,100,984.9,12.6,1.77
1552845600000,93,25,985.8,0.0,0.0
1552910400000,81,100,991.1,8.9,3.94
1552932000000,99,100,998.6,0.0,0.0
1552996800000,59,63,1016.7,29.4,11.98
1553018400000,57,13,1020.3,0.0,0.0
1553061600000,71,100,1017.3,1.4,0.11
1553083200000,86,100,1015.1,18.3,5.09
1553104800000,69,38,1017.9,0.0,0.0
1553148000000,77,75,1017.6,3.1,0.09
1553169600000,80,100,1014.4,20.6,1.66
1553191200000,84,50,1017.0,0.0,0.01
1553234400000,54,25,1031.7,4.2,0.32
1553256000000,34,13,1031.1,42.3,11.14
1553320800000,84,100,1014.1,1.2,0.17
1553342400000,55,38,1012.0,37.1,12.56
1553364000000,52,25,1012.6,0.0,0.01
1553407200000,56,0,1016.0,4.0,0.3
1553428800000,34,63,1012.8,23.2,7.73
1553450400000,55,75,1008.9,0.0,0.02
1553493600000,87,38,1006.6,3.3,0.5
1553515200000,35,25,1011.2,32.2,12.52
1553536800000,35,88,1012.8,0.0,0.04
1553580000000,50,88,1008.6,2.6,0.46
1553601600000,56,88,1015.1,14.3,12.62
1553623200000,57,50,1018.1,0.0,0.02
1553666400000,62,63,1017.0,2.9,0.37
1553688000000,49,50,1018.8,42.1,0.0
1553709600000,53,25,1021.3,0.0,0.03
1553752800000,66,50,1023.8,4.7,0.8
1553774400000,43,100,1021.8,24.2,6.96
1553796000000,57,88,1020.0,0.0,0.03
1553839200000,78,100,1014.1,2.1,0.27
1553860800000,63,100,1012.3,12.2,11.43
1553925600000,82,25,1012.5,5.5,0.47
1553947200000,54,25,1010.2,42.9,5.54
1553968800000,70,88,1005.7,0.0,0.0
1554012000000,84,100,1005.5,2.3,0.66
1554033600000,43,25,1013.2,40.9,12.51
1554055200000,39,13,1017.8,0.0,0.08
1554098400000,62,0,1027.1,7.1,0.71
1554120000000,35,38,1027.5,51.4,12.62
1554141600000,50,50,1025.9,0.0,0.09
1554184800000,62,75,1024.8,6.2,0.96
1554206400000,28,25,1022.5,51.9,11.79
1554228000000,47,25,1020.4,0.0,0.12
1554271200000,61,38,1016.5,6.0,0.97
1554292800000,50,75,1015.6,22.0,10.43
1554314400000,58,75,1014.5,0.0,0.05
1554357600000,62,75,1013.9,6.2,0.76
1554379200000,40,75,1013.4,31.4,7.33
1554400800000,56,88,1014.4,0.0,0.1
1554487200000,86,75,1020.1,0.0,0.07
1554530400000,65,63,1020.1,5.1,1.03
1554552000000,24,38,1018.5,32.7,8.45
1554573600000,46,100,1016.4,0.0,0.17
1554616800000,80,100,1009.8,2.3,0.51
1554638400000,46,75,1009.7,16.4,12.24
1554660000000,62,100,1011.2,0.0,0.03
1554703200000,88,100,1012.8,2.1,0.26
1554724800000,67,100,1015.1,14.7,8.99
1554746400000,50,75,1016.4,0.0,0.17
1554789600000,62,100,1015.1,3.2,0.73
1554832800000,76,100,1017.1,0.0,0.07
1554876000000,70,100,1020.6,2.8,0.0
1554897600000,58,100,1022.9,15.7,0.43
1554919200000,68,100,1024.8,0.0,0.14
1554962400000,67,88,1027.9,3.4,0.67
1554984000000,66,100,1029.6,17.2,6.15
1555005600000,53,13,1030.1,0.0,0.22
1555048800000,60,63,1032.0,6.6,0.99
1555070400000,43,25,1032.5,29.4,11.63
1555092000000,55,38,1032.7,0.0,0.23
1555156800000,38,100,1035.6,22.1,12.41
1555178400000,49,25,1035.2,0.0,0.23
1555221600000,69,100,1037.3,5.2,1.19
1555243200000,35,88,1037.8,31.7,12.0
1555264800000,43,13,1036.8,0.0,0.25
1555308000000,59,0,1038.0,11.5,1.03
1555329600000,31,13,1036.4,52.8,12.85
1555351200000,43,13,1035.0,0.0,0.26
1555394400000,65,25,1034.6,11.9,1.26
1555416000000,34,25,1034.7,55.9,5.56
1555437600000,38,13,1034.3,0.1,0.32
1555480800000,57,0,1035.5,14.7,0.99
1555524000000,44,0,1035.1,0.2,0.27
1555567200000,54,0,1037.1,16.6,0.97
1555588800000,28,0,1036.3,77.5,12.64
1555610400000,35,0,1036.1,0.2,0.28
1555653600000,39,13,1036.5,13.9,1.0
1555675200000,20,88,1035.4,23.2,11.48
1555740000000,46,75,1033.5,6.2,1.17
1555761600000,23,0,1030.4,47.8,12.39
1555783200000,36,0,1027.2,0.2,0.3
1555826400000,56,50,1023.4,12.7,1.32
1555848000000,51,50,1024.0,60.7,11.16
1555869600000,47,75,1023.1,0.3,0.45
1555912800000,47,100,1024.9,5.7,1.27
1555934400000,44,25,1025.4,67.1,11.98
1555999200000,59,0,1027.8,14.4,1.05
1556020800000,29,50,1027.0,66.9,12.44
1556042400000,28,0,1025.7,0.5,0.37
1556085600000,55,0,1024.3,10.5,1.24
1556128800000,31,0,1020.8,0.3,0.43
1556172000000,54,0,1019.2,10.0,1.39
1556193600000,48,100,1019.1,17.1,10.21
1556215200000,54,100,1018.7,0.1,0.14
1556258400000,67,75,1016.9,5.8,1.28
1556280000000,51,38,1015.5,36.1,11.89
1556301600000,56,75,1014.3,0.5,0.69
1556344800000,58,25,1012.1,14.4,1.43
1556366400000,43,88,1012.5,49.2,6.74
1556388000000,48,88,1013.0,0.6,0.23
1556431200000,64,25,1018.4,15.4,1.31
1556452800000,63,50,1022.7,60.3,12.4
1556474400000,38,25,1024.3,0.8,0.58
1556517600000,61,0,1025.8,16.7,1.18
1556539200000,34,75,1023.6,18.9,11.07
1556560800000,39,13,1022.6,0.7,0.46
1556625600000,43,100,1017.8,15.7,10.38
1556647200000,57,13,1014.7,0.9,0.44
1556690400000,68,75,1005.3,6.1,0.84
1556712000000,59,75,1001.8,31.1,9.01
1556733600000,91,100,998.7,0.2,0.29
1556798400000,68,88,986.1,36.6,7.22
1556820000000,92,100,991.2,0.4,0.53
1556863200000,84,88,997.6,7.3,0.1
1556884800000,52,88,999.4,33.9,7.99
1556906400000,75,25,1000.0,0.6,0.61
1556949600000,83,50,1001.0,10.6,1.35
1556971200000,40,63,1002.2,31.0,8.99
1557036000000,68,38,1007.8,17.8,1.25
1557057600000,33,50,1008.4,52.5,6.32
1557079200000,44,63,1008.3,0.6,0.47
1557122400000,63,50,1007.4,15.9,1.55
1557144000000,53,75,1007.0,67.6,11.34
1557165600000,71,63,1006.2,1.2,0.54
1557208800000,70,38,1005.4,16.1,1.51
1557230400000,54,88,1005.1,27.0,11.48
1557252000000,49,25,1006.5,1.3,0.52
1557316800000,34,50,1010.6,45.1,10.68
1557338400000,61,88,1011.5,0.8,0.66
1557381600000,63,88,1011.6,7.8,1.49
1557403200000,45,38,1010.4,47.3,3.63
1557424800000,49,50,1008.9,0.9,0.43
1557468000000,62,63,1005.6,12.8,0.54
1557489600000,47,88,1004.9,27.2,2.03
1557511200000,68,13,1006.3,1.6,0.58
1557554400000,83,88,1009.3,9.2,1.16
1557576000000,62,100,1009.7,66.5,12.16
1557597600000,84,88,1010.6,0.8,0.55
1557640800000,72,100,1016.2,17.7,1.28
1557662400000,63,50,1020.7,64.1,3.63
1557684000000,87,75,1025.3,1.0,0.08
1557727200000,82,100,1031.4,9.2,1.66
1557748800000,44,88,1033.5,39.8,12.83
1557770400000,48,75,1034.5,0.8,0.7
1557813600000,59,25,1035.6,28.8,1.14
1557835200000,32,25,1033.1,102.0,9.15
1557856800000,41,50,1031.4,2.5,0.86
1557900000000,52,75,1031.2,13.8,2.45
1557921600000,32,75,1030.6,75.1,4.83
1557943200000,40,38,1030.1,2.5,0.89
1557986400000,53,13,1030.7,27.3,0.99
1558008000000,36,25,1029.4,99.8,12.86
1558029600000,43,13,1027.5,2.7,0.56
1558072800000,56,38,1026.5,27.8,1.14
1558094400000,38,50,1024.0,96.6,12.49
1558116000000,38,38,1021.6,2.7,1.04
1558159200000,60,100,1018.6,11.7,1.81
1558180800000,40,100,1017.7,32.5,2.78
1558202400000,53,88,1015.5,1.2,0.78
1558245600000,79,100,1013.5,7.2,0.76
1558267200000,90,100,1014.5,31.1,5.13
1558288800000,77,88,1013.8,1.1,1.44
1558332000000,76,100,1011.2,9.9,2.04
1558353600000,50,38,1011.1,60.2,7.26
1558375200000,65,13,1010.9,2.5,0.67
1558418400000,75,75,1010.7,13.4,1.58
1558440000000,47,38,1010.8,64.4,2.06
1558461600000,66,63,1010.7,2.1,0.76
1558504800000,71,38,1010.5,20.2,1.3
1558526400000,43,13,1009.9,81.7,11.78
1558548000000,51,13,1009.5,2.8,0.2
1558591200000,79,100,1010.3,14.2,0.26
1558612800000,95,100,1011.8,40.4,13.05
1558634400000,75,25,1011.4,3.2,0.74
1558677600000,62,13,1009.2,25.7,1.9
1558699200000,52,100,1006.0,32.1,1.84
1558720800000,82,100,1003.6,3.4,1.02
1558764000000,83,100,1002.6,12.3,1.61
1558785600000,69,88,1005.9,42.6,8.56
1558807200000,62,75,1005.2,0.9,0.79
1558850400000,87,100,996.5,12.5,0.6
1558872000000,86,100,992.6,45.1,12.01
1558893600000,93,88,996.9,1.9,0.93
1558980000000,85,88,1000.7,1.3,0.24
1559023200000,75,88,1001.9,23.2,1.0
1559044800000,52,75,1002.5,86.5,6.49
1559066400000,57,88,1003.2,2.4,0.6
1559109600000,61,13,1006.4,30.1,1.13
1559131200000,34,38,1012.0,103.5,13.76
1559152800000,32,13,1016.3,3.6,0.74
1559196000000,52,63,1020.0,27.4,1.91
1559217600000,40,88,1017.1,51.4,2.52
1559239200000,64,100,1010.6,1.5,0.28
1559282400000,57,13,1012.2,29.1,1.01
1559304000000,28,25,1013.7,100.6,13.65
1559325600000,33,13,1015.1,4.2,0.69
1559368800000,63,100,1015.8,9.6,1.02
1559390400000,50,100,1011.9,46.7,2.23
1559412000000,80,100,1006.9,2.1,0.73
1559455200000,77,63,1012.3,14.6,1.92
1559476800000,42,50,1015.1,80.3,9.64
1559498400000,49,88,1015.6,3.1,1.18
1559541600000,67,38,1015.1,25.0,1.82
1559563200000,59,88,1013.8,64.7,10.68
1559584800000,70,88,1010.0,1.9,0.23
1559628000000,64,100,1012.9,10.5,1.55
1559649600000,44,25,1013.0,56.1,11.42
1559671200000,59,50,1012.5,1.8,0.43
1559714400000,75,50,1013.8,15.2,2.2
1559757600000,47,13,1014.2,3.0,0.87
1559822400000,40,13,1015.8,88.7,11.87
1559844000000,59,13,1014.9,4.3,0.81
1559887200000,69,100,1014.1,11.9,1.22
1559908800000,53,38,1013.9,97.8,10.04
1559973600000,71,0,1014.5,27.0,1.53
1559995200000,43,13,1013.5,87.5,12.06
1560016800000,45,38,1012.9,3.4,0.84
1560060000000,55,13,1017.7,21.8,1.32
1560081600000,44,50,1017.2,73.0,5.54
1560103200000,55,50,1017.7,4.4,0.85
1560168000000,33,38,1019.9,89.6,12.49
1560189600000,45,25,1019.5,4.3,0.86
1560232800000,64,88,1021.3,14.6,1.65
1560254400000,58,100,1022.3,59.1,2.17
1560276000000,59,100,1022.3,1.6,0.56
1560319200000,62,88,1023.1,12.8,1.96
1560340800000,52,100,1021.9,59.8,4.92
1560362400000,62,88,1019.8,3.2,0.09
1560405600000,87,100,1012.9,11.2,1.24
1560427200000,96,100,1012.4,30.3,2.45
1560448800000,94,100,1013.4,1.5,1.41
1560492000000,86,100,1017.1,14.7,2.2
1560535200000,46,25,1018.2,4.6,1.19
1560578400000,61,75,1018.7,17.6,1.03
1560600000000,35,25,1017.4,94.7,9.0
1560621600000,38,13,1016.0,5.8,0.92
1560664800000,48,25,1015.3,35.4,2.32
1560686400000,36,75,1014.9,87.9,4.08
1560708000000,36,38,1014.1,3.9,0.92
1560751200000,63,75,1015.3,16.5,1.02
1560772800000,30,13,1015.0,115.0,13.3
1560794400000,36,0,1014.6,6.1,0.71
1560837600000,60,13,1016.9,41.1,1.19
1560859200000,43,75,1017.0,89.0,5.48
1560880800000,55,75,1015.3,3.3,0.8
1560924000000,62,75,1013.0,17.3,2.29
1560945600000,40,50,1011.9,80.9,8.2
1560967200000,54,100,1011.0,1.5,0.11
1561010400000,55,75,1008.5,22.8,1.53
1561032000000,48,75,1006.0,74.9,2.69
1561053600000,51,25,1004.7,4.0,1.2
1561096800000,78,75,1009.0,33.6,1.25
1561118400000,40,25,1010.5,125.5,9.15
1561140000000,39,25,1010.1,5.4,0.95
1561204800000,37,13,1017.7,123.2,13.46
1561226400000,37,13,1019.0,5.7,0.75
1561269600000,62,13,1022.9,31.5,1.02
1561291200000,28,75,1022.2,107.8,12.6
1561312800000,33,100,1022.5,2.2,1.23
1561356000000,53,13,1028.5,36.4,2.42
1561377600000,37,75,1030.3,98.7,12.49
1561399200000,43,75,1030.1,2.4,0.84
1561442400000,62,100,1029.7,19.2,2.32
1561464000000,41,100,1027.9,76.0,4.85
1561485600000,48,88,1024.8,3.1,0.22
1561528800000,97,100,1019.5,10.9,0.27
1561550400000,93,100,1017.1,32.4,2.15
1561572000000,89,75,1013.4,4.4,0.87
1561615200000,73,50,1015.6,29.7,1.23
1561636800000,47,88,1017.3,79.9,12.03
1561658400000,40,50,1017.6,4.2,1.11
1561701600000,51,50,1020.4,31.9,1.15
1561723200000,35,50,1019.4,98.9,12.52
1561744800000,38,50,1018.2,5.2,1.07
1561788000000,67,63,1012.5,27.7,2.1
1561809600000,44,25,1010.1,90.9,12.42
1561831200000,56,38,1009.2,2.6,1.13
1561874400000,64,13,1006.9,25.5,1.32
1561896000000,47,13,1003.8,85.5,11.91
1561917600000,44,25,997.5,4.4,1.08
1561960800000,64,38,998.2,29.8,1.58
1561982400000,50,25,998.0,95.8,11.15
1562004000000,50,88,998.3,3.3,1.02
1562047200000,80,100,1001.2,10.3,1.51
1562068800000,75,100,1004.6,47.8,2.9
1562090400000,48,88,1006.7,2.5,1.77
1562133600000,62,88,1008.1,16.9,0.97
1562176800000,53,88,1010.8,4.1,0.82
1562220000000,54,50,1008.2,28.1,1.12
1562241600000,37,75,1004.2,64.3,3.76
1562306400000,82,100,997.0,11.5,1.6
1562328000000,67,88,1000.7,48.4,11.73
1562392800000,71,0,1001.5,30.6,0.97
1562414400000,37,,999.8,95.0,8.29
1562479200000,75,,999.8,12.5,1.67
1562500800000,67,,1002.8,49.8,6.3
1562522400000,58,,1004.4,2.8,1.32
1562565600000,74,,1004.3,15.0,1.93
1562587200000,70,,1005.9,63.3,4.94
1562608800000,71,0,1006.9,3.2,1.37
1562652000000,81,,1009.3,11.7,0.88
1562673600000,67,,1010.9,52.3,2.93
1562695200000,67,,1011.4,3.6,1.22
1562738400000,69,,1010.9,23.6,2.76
1562760000000,40,,1010.9,94.7,11.87
1562824800000,65,,1010.0,22.3,1.3
1562846400000,43,,1009.8,94.5,7.45
1562868000000,55,,1010.5,4.1,0.95
1562911200000,66,,1011.6,30.4,1.32
1562932800000,68,,1011.8,39.2,9.33
1562954400000,66,,1011.3,4.6,0.95
1562997600000,77,,1011.5,30.0,1.88
1563019200000,38,,1011.4,87.8,12.6
1563040800000,65,,1011.8,1.5,1.08
1563084000000,52,,1014.0,30.5,1.13
1563105600000,29,,1013.3,76.6,10.42
1563127200000,33,,1011.8,3.3,0.59
1563170400000,73,,1009.9,15.3,2.6
1563192000000,94,,1008.1,41.7,1.39
1563213600000,88,,1007.6,4.6,0.84
1563256800000,71,,1004.9,26.8,1.68
1563278400000,72,,1005.7,63.2,1.58
1563300000000,81,,1008.7,3.8,0.59
1563343200000,92,,1010.8,18.2,1.81
1563364800000,51,,1011.5,106.2,5.31
1563386400000,59,,1011.6,4.4,0.85
1563451200000,43,,1012.5,95.1,4.58
1563559200000,70,,1013.1,3.5,0.89
1563602400000,69,,1015.2,28.3,1.11
1563624000000,32,,1016.0,107.2,9.01
1563688800000,70,,1014.8,30.6,2.41
1563732000000,90,,1013.5,1.4,1.05
1563775200000,89,100,1013.0,9.9,1.46
1563796800000,62,,1014.0,35.6,7.71
1563818400000,58,,1013.9,3.9,0.88
1563861600000,77,88,1015.7,18.7,1.14
1563883200000,53,,1016.0,48.0,5.61
1563904800000,62,,1017.0,4.3,0.67
1563948000000,69,13,1018.9,34.5,1.03
1563969600000,45,,1019.1,123.5,12.22
1563991200000,58,13,1018.4,4.5,0.66
1564034400000,60,,1019.8,29.9,0.98
1564056000000,42,,1019.2,98.4,11.8
1564077600000,48,,1019.6,3.7,0.72
1564120800000,60,,1021.1,26.3,1.02
1564142400000,45,,1020.5,94.8,11.88
1564164000000,59,,1020.5,3.7,0.73
1564207200000,74,0,1021.0,27.6,1.09
1564228800000,48,13,1019.7,117.1,11.7
1564250400000,57,13,1017.0,4.3,0.64
1564293600000,67,0,1014.6,32.8,1.29
1564315200000,36,25,1013.2,133.2,8.0
1564380000000,75,13,1012.4,26.6,1.63
1564401600000,59,38,1013.0,69.3,9.82
1564466400000,91,100,1015.0,13.0,0.27
1564488000000,42,38,1017.0,126.4,10.29
1564509600000,56,75,1017.6,3.2,0.69
1564552800000,70,,1018.4,20.4,1.98
1564574400000,58,,1018.9,85.6,3.83
1564596000000,63,,1018.8,1.5,0.28
1564725600000,59,,1013.9,25.2,1.05
1564812000000,73,,1014.6,23.2,1.16
1564855200000,54,,1014.0,2.3,1.08
1564898400000,87,,1014.8,7.5,0.87
1564920000000,49,,1013.9,52.7,8.12
1564941600000,52,,1012.7,1.7,0.65
1564984800000,73,,1011.1,11.8,1.3
1565006400000,55,,1008.8,46.9,4.02
1565028000000,74,,1007.2,2.2,0.68
1565071200000,91,,1005.0,15.5,1.26
1565092800000,66,,1004.1,27.1,4.53
1565114400000,69,,1002.8,1.8,0.72
1565157600000,89,,1002.6,18.1,1.26
1565179200000,46,,1003.0,70.9,10.79
1565200800000,62,,1002.8,1.7,0.76
1565244000000,80,100,1002.6,6.7,0.4
1565265600000,62,100,1002.4,28.8,5.83
1565287200000,84,88,1003.1,1.7,0.64
1565373600000,71,63,1011.3,1.9,0.51
1565416800000,89,100,1011.6,10.9,0.82
1565438400000,71,100,1009.6,49.0,2.14
1565503200000,92,63,1004.3,21.6,1.45
1565524800000,90,88,1005.1,66.8,4.25
1565546400000,93,88,1006.8,0.7,0.55
1565589600000,76,,1007.8,15.8,1.41
1565611200000,57,,1006.9,76.5,9.77
1565632800000,68,,1006.3,1.2,0.42
1565676000000,81,,1006.3,16.8,1.04
1565697600000,51,,1005.5,53.4,10.02
1565719200000,68,,1004.8,0.7,0.52
1565762400000,74,,1006.1,10.8,1.09
1565784000000,41,,1006.4,61.0,8.93
1565805600000,69,,1007.8,0.9,0.42
1565848800000,83,,1010.1,7.7,0.95
1565870400000,53,,1010.0,53.9,11.97
1565892000000,55,,1010.3,1.1,0.37
1565935200000,68,,1010.9,7.9,0.65
1565956800000,65,,1009.9,66.7,3.79
1565978400000,78,,1009.7,0.8,0.25
1566021600000,78,,1010.4,11.7,1.07
1566043200000,47,,1009.7,75.1,2.58
1566064800000,81,,1008.7,0.3,0.11
1566108000000,86,,1005.9,5.9,0.38
1566129600000,70,,1004.9,43.4,1.61
1566194400000,90,100,1004.3,9.7,0.82
1566216000000,53,,1007.8,75.6,8.63
1566237600000,59,,1010.3,0.6,0.68
1566280800000,78,,1014.9,15.0,1.31
1566302400000,52,,1016.0,63.7,11.32
1566324000000,70,,1017.0,0.5,0.64
1566367200000,76,,1020.9,14.3,0.96
1566388800000,55,,1020.2,38.3,5.52
1566410400000,61,,1020.7,0.3,0.42
1566453600000,78,,1024.2,13.3,0.93
1566475200000,48,,1023.8,65.1,4.71
1566540000000,76,,1020.2,12.4,0.67
1566561600000,92,,1018.4,30.6,1.74
1566583200000,90,,1017.8,0.3,0.34
1566626400000,90,,1023.8,10.6,0.83
1566648000000,68,,1026.0,70.8,7.88
1566669600000,77,,1026.3,0.3,0.27
1566712800000,94,,1027.1,5.9,1.24
1566734400000,63,13,1025.6,78.9,11.78
1566756000000,72,0,1024.2,0.2,0.48
1566799200000,84,,1024.2,16.5,0.83
1566820800000,45,,1024.1,83.4,11.41
1566842400000,58,,1023.3,0.1,0.25
1566885600000,75,,1024.4,15.0,0.82
1566907200000,43,,1024.7,84.7,11.27
1566928800000,58,,1023.3,0.1,0.24
1566972000000,80,,1021.9,14.9,0.8
1566993600000,47,,1019.8,75.4,9.9
1567015200000,66,,1017.6,0.0,0.07
1567058400000,88,,1014.4,4.4,0.95
1567080000000,87,,1013.6,26.1,5.16
1567101600000,89,,1013.0,0.0,0.12
1567144800000,86,,1016.8,9.4,0.75
1567166400000,53,,1018.8,65.0,4.07
1567188000000,55,,1019.3,0.0,0.24
1567231200000,72,,1019.3,11.6,0.92
1567252800000,52,,1018.3,70.7,11.13
1567274400000,73,,1016.4,0.0,0.2
1567317600000,81,,1010.4,12.7,0.41
1567339200000,65,,1007.9,60.7,0.51
1567360800000,88,,1007.5,0.0,0.11
1567404000000,85,,1009.4,9.6,0.66
1567425600000,50,,1010.3,76.0,9.93
1567447200000,60,,1011.7,0.0,0.16
1567512000000,57,,1013.4,26.4,3.07
1567533600000,74,,1010.9,0.0,0.31
1567576800000,87,,1010.8,6.9,0.63
1567598400000,59,,1011.9,62.5,7.92
1567620000000,72,,1010.5,0.0,0.03
1567663200000,94,,1001.5,9.8,0.68
1567684800000,50,,1003.0,51.4,6.17
1567706400000,73,,1004.6,0.0,0.04
1567749600000,80,0,1009.8,8.5,0.57
1567771200000,45,,1013.8,54.1,4.68
1567792800000,62,,1015.5,0.0,0.06
1567836000000,77,,1016.0,4.0,0.56
1567857600000,70,,1016.0,39.4,3.4
1567879200000,74,,1018.0,0.0,0.08
1567922400000,92,,1021.9,5.9,0.76
1567965600000,83,,1021.6,0.0,0.0
1568030400000,88,,1016.6,37.6,1.34
1568052000000,90,,1017.4,0.0,0.06
1568095200000,90,,1013.5,7.0,0.26
1568116800000,64,,1012.4,55.8,8.78
1568138400000,83,,1012.4,0.0,0.04
1568181600000,96,,1006.0,2.6,0.46
1568203200000,68,,1007.1,37.6,4.44
1568224800000,65,,1011.4,0.0,0.04
1568268000000,76,,1010.0,8.2,0.68
1568289600000,55,,1012.6,63.9,8.22
1568311200000,58,,1013.8,0.0,0.04
1568354400000,79,,1011.1,7.5,0.55
1568376000000,56,,1012.9,44.5,11.63
1568397600000,46,,1017.0,0.0,0.02
1568440800000,62,38,1020.6,8.5,0.64
1568484000000,51,,1017.7,0.0,0.0
1568527200000,86,,998.4,3.1,0.14
1568548800000,49,,994.8,50.0,9.98
1568570400000,54,,994.3,0.0,0.01
1568635200000,49,,1000.1,24.9,5.47
1568656800000,70,,1002.3,0.0,0.01
1568700000000,90,,999.3,5.8,0.68
1568786400000,81,,1007.5,4.9,0.42
1568808000000,64,,1011.1,14.7,8.7
1568829600000,63,,1014.2,0.0,0.0
1568894400000,55,,1020.3,14.2,11.4
1568916000000,53,,1021.8,0.0,0.01
1568959200000,85,100,1020.0,3.1,0.45
1569002400000,70,100,1015.1,0.0,0.0
1569045600000,87,,1013.7,5.1,0.37
1569153600000,78,100,1020.3,16.5,1.89
1569175200000,76,25,1022.4,0.0,0.0
1569218400000,84,,1025.0,5.8,0.33
1569240000000,47,,1023.9,41.0,8.38
1569261600000,60,,1021.9,0.0,0.0
1569304800000,70,,1019.0,2.2,0.32
1569326400000,53,,1017.5,27.7,8.63
1569348000000,68,,1015.8,0.0,0.0
1569391200000,87,,1014.2,2.1,0.1
1569412800000,46,,1014.3,37.7,1.88
1569434400000,67,,1014.2,0.0,0.0
1569477600000,100,38,1015.7,4.1,0.31
1569499200000,48,38,1016.5,41.4,7.95
1569520800000,67,,1016.9,0.0,0.0
1569607200000,88,,1011.5,0.0,0.0
1569650400000,90,100,1007.1,1.6,0.06
1569672000000,97,100,1005.5,15.1,0.49
1569693600000,97,100,1002.8,0.0,0.0
1569758400000,77,100,995.1,13.3,2.25
1569823200000,95,100,986.5,1.2,0.1
1569844800000,80,100,986.5,13.9,1.82
1569866400000,90,100,985.4,0.0,0.0
1569909600000,81,,988.1,3.3,0.21
1569952800000,60,,987.5,0.0,0.0
1570039200000,94,,1004.3,0.0,0.0
1570082400000,97,,1009.6,1.1,0.1
1570125600000,87,,1013.2,0.0,0.0
1570168800000,90,,1014.6,1.5,0.08
1570255200000,92,,1019.8,2.5,0.14
1570298400000,71,,1024.2,0.0,0.0
1570341600000,72,,1024.3,1.1,0.06
1570557600000,68,,1000.1,0.0,0.0
1570600800000,84,,998.6,0.8,0.04
1570644000000,86,,1000.5,0.0,0.0
1570687200000,97,,998.2,0.8,0.0
1570773600000,91,,998.7,1.2,0.09
1570903200000,74,50,996.5,0.0,0.0
1570946400000,81,100,1003.3,0.5,0.04
1570989600000,72,38,1010.5,0.0,0.0
1571119200000,92,,1019.1,0.5,0.0
1571162400000,97,,1013.4,0.0,0.0
1571205600000,98,,1008.8,0.4,0.0
1571248800000,96,,1006.8,0.0,0.0
1572156000000,92,,996.5,0.1,0.0
1572199200000,88,,1005.0,0.0,0.0
1572242400000,88,,1009.6,0.1,0.0
1572285600000,70,,1016.3,0.0,0.0
1572328800000,83,,1019.3,0.0,0.0
1572372000000,73,,1023.7,0.0,0.0
1572415200000,78,,1027.1,,0.0
1514916000000,,88,998.3,0.0,
1516190400000,,100,990.2,1.5,
1516622400000,,100,1014.3,2.2,
1516708800000,,100,1019.4,2.4,
1517313600000,,75,1009.9,5.1,
1518544800000,,100,1013.2,0.0,
1520100000000,,50,1011.9,0.0,0.0
1521655200000,,13,1008.9,0.0,0.0
1522087200000,,13,1018.4,0.0,0.03
1522130400000,,13,1019.5,4.7,0.39
1522152000000,,38,1019.1,30.9,12.93
1522173600000,,13,1018.9,0.0,0.06
1522216800000,,0,1018.2,4.8,0.42
1522238400000,,13,1016.9,37.7,12.49
1522260000000,,0,1015.5,0.0,0.06
1522303200000,,0,1016.1,4.9,0.5
1522324800000,,13,1016.2,36.7,13.8
1522346400000,,13,1015.2,0.0,0.06
1522389600000,,13,1013.0,4.4,0.61
1522411200000,,25,1012.8,30.7,10.64
1522432800000,,38,1012.5,0.0,0.1
1522476000000,,25,1012.1,5.0,0.55
1522497600000,,75,1012.2,18.0,4.95
1522519200000,,13,1011.0,0.0,0.09
1522562400000,,88,1009.0,2.1,0.95
1522584000000,,100,1008.2,12.5,1.84
1522605600000,,88,1005.9,0.0,0.03
1522648800000,,100,1000.2,3.1,0.76
1522670400000,,50,999.9,26.8,11.83
1522692000000,,13,1002.2,0.0,0.09
1522735200000,,13,1005.9,5.7,0.95
1522756800000,,38,1007.0,41.5,12.6
1522778400000,,25,1007.3,0.0,0.08
1522821600000,,100,1004.5,2.5,0.11
1522843200000,,100,1001.3,16.5,0.97
1522864800000,,100,1001.6,0.0,0.1
1522908000000,,100,1001.5,2.6,0.06
1522929600000,,100,997.7,16.5,1.51
1522951200000,,100,998.9,0.0,0.1
1522994400000,,100,995.8,3.1,0.38
1523016000000,,100,1005.0,19.4,6.77
1523037600000,,38,1016.0,0.0,0.12
1523080800000,,88,1024.5,3.8,1.03
1523102400000,,75,1022.3,32.4,8.77
1523124000000,,88,1018.0,0.0,0.06
1523167200000,,100,1014.0,3.4,0.69
1523188800000,,100,1012.8,23.2,6.17
1523210400000,,100,1011.1,0.0,0.15
1523253600000,,50,1007.4,6.0,0.57
1523275200000,,100,1008.2,12.9,1.37
1523296800000,,100,1010.7,0.0,0.0
1523340000000,,13,1021.1,8.9,0.92
1523361600000,,0,1025.0,56.7,13.39
1523383200000,,13,1026.9,0.0,0.19
1523426400000,,50,1029.5,10.4,0.97
1523448000000,,38,1029.0,53.7,12.8
1523469600000,,25,1027.7,0.0,0.21
1523512800000,,13,1027.3,10.1,1.08
1523534400000,,13,1027.4,54.2,13.04
1523556000000,,25,1026.6,0.0,0.22
1523599200000,,0,1027.3,10.4,1.0
1523620800000,,0,1026.7,56.3,12.99
1523642400000,,13,1025.9,0.0,0.24
1523685600000,,0,1022.9,10.0,1.11
1523707200000,,0,1021.3,48.4,11.87
1523728800000,,0,1019.2,0.0,0.26
1523772000000,,100,1016.5,3.1,0.64
1523793600000,,75,1015.9,28.6,3.41
1523815200000,,100,1015.0,0.0,0.04
1523858400000,,100,1014.0,4.5,1.04
1523880000000,,63,1014.6,20.3,10.31
1523901600000,,63,1014.9,0.0,0.63
1523944800000,,63,1017.1,7.9,0.94
1523966400000,,38,1018.0,46.0,6.35
1523988000000,,25,1019.0,0.1,0.3
1524031200000,,100,1022.6,4.4,0.79
1524052800000,,100,1022.4,27.2,10.46
1524074400000,,25,1023.5,0.3,0.26
1524117600000,,13,1027.9,15.3,1.84
1524139200000,,75,1028.6,54.0,9.84
1524160800000,,50,1026.5,0.2,0.29
1524204000000,,0,1020.6,13.2,1.24
1524225600000,,13,1014.7,60.9,12.0
1524247200000,,88,1007.4,0.3,0.31
1524290400000,,13,1007.3,16.0,0.99
1525500000000,,25,1024.4,20.3,1.1
1525716000000,,75,1020.2,0.6,0.73
1525867200000,,13,1020.7,94.4,12.67
1526040000000,,25,1019.6,85.5,5.57
1526126400000,,13,1021.7,72.8,3.35
1526148000000,,0,1021.8,2.1,0.6
1526234400000,,13,1022.8,2.3,0.53
1526364000000,,13,1021.1,24.3,1.05
1526450400000,,0,1014.7,24.2,1.16
1526623200000,,13,1017.8,25.1,1.19
1526644800000,,13,1019.1,94.6,12.88
1526666400000,,13,1019.9,2.8,0.62
1527055200000,,38,1021.2,19.0,1.22
1527919200000,,0,1013.6,26.2,1.04
1528912800000,,100,1010.5,2.3,1.28
1529755200000,,63,1011.3,62.9,10.61
1529776800000,,38,1011.9,5.2,1.0
1529820000000,,0,1014.1,18.2,2.06
1529841600000,,50,1014.3,107.5,9.84
1530036000000,,63,1024.7,3.8,0.78
1531720800000,,13,1015.7,29.6,1.09
1532152800000,,100,1007.3,21.6,1.16
1534420800000,,63,1015.3,54.9,7.56
1534788000000,,38,1008.1,0.6,0.22
1535047200000,,88,1007.0,0.3,0.08
1536127200000,,13,1020.9,9.1,0.78
1536386400000,,38,1013.9,3.9,0.25
1537207200000,,88,1012.0,0.0,0.0
1539756000000,,13,1017.4,0.9,0.0
1539842400000,,100,1014.8,0.3,0.0
1539864000000,,13,1015.6,19.5,9.32
1539928800000,,13,1022.6,1.0,0.01
1540036800000,,75,1021.6,8.1,7.29
1540209600000,,13,1011.2,14.8,9.01
1541937600000,,100,1016.0,3.1,0.14
1542369600000,,50,1035.9,5.0,5.26
1542520800000,,88,1037.4,0.0,0.0
1542607200000,,100,1038.8,0.0,0.0
1542801600000,,100,1034.9,1.8,0.81
1542996000000,,100,1020.7,0.0,0.0
1543946400000,,100,995.7,0.0,0.0
1546279200000,,100,1009.9,-999.0,0.0
1547661600000,,100,983.6,0.0,0.0
1548072000000,,88,1016.8,1.7,0.0
1549994400000,,50,1017.1,0.0,0.0
1551765600000,,88,985.5,0.3,0.0
1551873600000,,100,1008.3,8.1,1.32
1552240800000,,50,992.0,0.0,0.0
1552478400000,,100,993.1,10.5,1.94
1552888800000,,100,987.4,1.3,0.07
1552975200000,,100,1010.6,1.2,0.05
1553277600000,,63,1026.9,0.0,0.01
1553882400000,,13,1011.7,0.0,0.05
1554444000000,,63,1018.1,5.5,0.75
1554465600000,,100,1019.1,15.4,11.45
1554811200000,,100,1016.2,23.5,12.19
1555135200000,,13,1034.8,9.7,1.03
1555502400000,,0,1035.6,71.4,12.65
1555696800000,,63,1034.9,0.2,0.38
1555956000000,,13,1025.3,0.5,0.33
1556107200000,,0,1023.0,59.4,12.47
1556604000000,,13,1019.5,12.6,0.56
1556776800000,,100,985.4,8.1,0.68
1556992800000,,38,1004.0,0.5,0.52
1557295200000,,13,1010.0,16.9,1.43
1558936800000,,50,1000.5,23.8,2.34
1558958400000,,100,1000.1,52.4,2.57
1559736000000,,25,1014.2,73.9,11.71
1559800800000,,13,1017.0,26.9,1.18
1559930400000,,0,1013.7,4.3,1.0
1560146400000,,0,1020.1,28.5,1.34
1560513600000,,50,1019.1,106.5,8.89
1561183200000,,25,1013.8,35.9,1.01
1562155200000,,88,1009.7,52.5,11.73
1564336800000,,0,1012.0,3.9,0.77
1565330400000,,63,1006.1,13.8,1.44
1565352000000,,75,1009.0,75.9,9.33
1565460000000,,100,1007.8,0.8,0.04
1568980800000,,100,1017.8,22.6,6.95
1569132000000,,100,1016.3,2.5,0.31
1569736800000,,100,997.8,1.8,0.05
1569780000000,,100,991.6,0.0,0.0
1543514400000,,,1015.4,0.0,0.0
1544637600000,,,1032.4,0.0,0.0
1545674400000,,,1017.0,0.0,0.0
1546063200000,,,1015.0,0.0,0.0
1550491200000,,,1012.5,6.4,3.49
1562781600000,,,1010.8,5.0,1.32
1563429600000,,,1012.7,26.8,2.47
1563472800000,,,1011.4,3.5,1.34
1563516000000,,,1013.4,26.1,1.05
1563537600000,,,1012.6,93.4,11.59
1563645600000,,,1015.5,4.6,0.85
1563710400000,,,1013.5,38.7,2.98
1564639200000,,,1018.3,24.7,1.51
1564660800000,,,1016.2,99.2,12.59
1564682400000,,,1014.8,3.3,0.69
1564747200000,,,1013.0,94.3,11.1
1564768800000,,,1012.5,1.4,0.72
1564833600000,,,1014.5,88.0,2.74
1566151200000,,,1004.0,0.4,0.05
1566496800000,,,1022.7,0.2,0.1
1567490400000,,,1014.8,12.5,0.7
1567944000000,,,1021.9,25.6,9.56
1568008800000,,,1015.6,4.2,0.11
1568462400000,,,1020.8,55.2,9.97
1568613600000,,,997.2,7.3,0.46
1568721600000,,,998.4,35.5,3.97
1568743200000,,,1001.9,0.0,0.02
1568872800000,,,1017.1,4.9,0.45
1569067200000,,,1014.7,41.2,10.35
1569088800000,,,1014.7,0.0,0.0
1569564000000,,,1015.4,4.8,0.52
1569585600000,,,1013.4,38.2,1.19
1569996000000,,,993.3,2.8,0.13
1570212000000,,,1016.5,0.0,0.0
