,date,real_output,RFR
22849,1565982000000,0.12,0.21419999999999995
22850,1565985600000,0.0,1.8905362660926552e-06
22851,1565989200000,0.0,1.8905362660926552e-06
22852,1565992800000,0.0,1.8905362660926552e-06
22853,1565996400000,0.0,1.8905362660926552e-06
22855,1566003600000,0.0,1.8905362660926552e-06
22856,1566007200000,0.0,1.8905362660926552e-06
22857,1566010800000,0.0,1.8905362660926552e-06
22858,1566014400000,0.41,0.3470000000000002
22859,1566018000000,2.14,2.807900000000001
22861,1566025200000,6.44,5.674999999999998
22862,1566028800000,5.58,7.1852
22863,1566032400000,11.74,9.3872
22864,1566036000000,14.04,11.135899999999998
22865,1566039600000,13.05,11.170800000000002
22867,1566046800000,11.04,11.164399999999995
22868,1566050400000,6.98,8.717000000000002
22869,1566054000000,5.82,7.060300000000002
22870,1566057600000,3.25,5.054800000000001
22871,1566061200000,2.04,3.5584000000000007
22873,1566068400000,0.01,0.2274000000000001
22874,1566072000000,0.0,1.8905362660926552e-06
22875,1566075600000,0.0,1.8905362660926552e-06
22876,1566079200000,0.0,1.8905362660926552e-06
22877,1566082800000,0.0,1.8905362660926552e-06
22878,1566086400000,0.0,1.8905362660926552e-06
22879,1566090000000,0.0,1.8905362660926552e-06
22880,1566093600000,0.0,1.8905362660926552e-06
22881,1566097200000,0.0,1.8905362660926552e-06
22882,1566100800000,0.01,0.18920000000000006
22883,1566104400000,0.5,0.5733
22885,1566111600000,3.26,1.9851999999999999
22886,1566115200000,4.71,5.241600000000001
22887,1566118800000,8.31,6.8535999999999975
22888,1566122400000,8.91,9.752299999999998
22889,1566126000000,10.29,9.878899999999998
22891,1566133200000,3.9,10.970300000000007
22892,1566136800000,2.69,5.190300000000002
22894,1566144000000,1.89,3.973700000000002
22895,1566147600000,2.07,2.8131000000000017
22897,1566154800000,0.0,0.21240000000000003
22898,1566158400000,0.0,1.8905362660926552e-06
22899,1566162000000,0.0,1.8905362660926552e-06
22900,1566165600000,0.0,1.8905362660926552e-06
22901,1566169200000,0.0,1.8905362660926552e-06
22902,1566172800000,0.0,1.8905362660926552e-06
22903,1566176400000,0.0,1.8905362660926552e-06
22904,1566180000000,0.0,1.8905362660926552e-06
22905,1566183600000,0.0,1.8905362660926552e-06
22906,1566187200000,0.31,0.23780000000000012
22907,1566190800000,2.02,1.8402999999999992
22909,1566198000000,8.16,5.770299999999999
22910,1566201600000,10.47,10.598300000000009
22911,1566205200000,11.71,10.989700000000003
22912,1566208800000,10.14,12.857699999999998
22913,1566212400000,15.97,9.6068
22915,1566219600000,14.03,14.258099999999986
22916,1566223200000,12.93,11.607199999999995
22917,1566226800000,9.11,9.498100000000008
22918,1566230400000,2.75,6.343400000000005
22919,1566234000000,1.2,4.016800000000003
22921,1566241200000,0.09,0.11079999999999995
22922,1566244800000,0.0,1.8905362660926552e-06
22923,1566248400000,0.0,1.8905362660926552e-06
22924,1566252000000,0.0,1.8905362660926552e-06
22925,1566255600000,0.0,1.8905362660926552e-06
22927,1566262800000,0.0,1.8905362660926552e-06
22928,1566266400000,0.0,1.8905362660926552e-06
22929,1566270000000,0.0,1.8905362660926552e-06
22930,1566273600000,0.36,0.4345000000000001
22931,1566277200000,2.79,2.7204999999999995
22933,1566284400000,6.55,4.6160000000000005
22934,1566288000000,8.91,7.599500000000001
22935,1566291600000,5.12,9.7939
22936,1566295200000,11.02,8.9459
22937,1566298800000,13.36,12.798899999999996
22939,1566306000000,12.99,11.506100000000005
22940,1566309600000,12.74,11.911699999999998
22941,1566313200000,9.0,9.682500000000003
22942,1566316800000,5.74,6.7342
22943,1566320400000,2.13,2.637299999999999
22945,1566327600000,0.05,0.18209999999999998
22946,1566331200000,0.0,1.8905362660926552e-06
22947,1566334800000,0.0,1.8905362660926552e-06
22948,1566338400000,0.0,1.8905362660926552e-06
22949,1566342000000,0.0,1.8905362660926552e-06
22951,1566349200000,0.0,1.8905362660926552e-06
22952,1566352800000,0.0,1.8905362660926552e-06
22953,1566356400000,0.0,1.8905362660926552e-06
22954,1566360000000,0.28,0.37550000000000006
22955,1566363600000,2.9,2.6767999999999996
22957,1566370800000,8.16,5.5683000000000025
22958,1566374400000,6.86,9.798600000000004
22959,1566378000000,8.86,10.407200000000005
22960,1566381600000,16.91,10.820600000000004
22961,1566385200000,13.43,15.501199999999999
22963,1566392400000,12.08,12.628300000000003
22964,1566396000000,11.04,10.2252
22965,1566399600000,10.26,7.9549999999999965
22966,1566403200000,6.23,7.267
22967,1566406800000,4.94,4.5604
22969,1566414000000,0.06,0.22839999999999988
22970,1566417600000,0.0,1.8905362660926552e-06
22971,1566421200000,0.0,1.8905362660926552e-06
22972,1566424800000,0.0,1.8905362660926552e-06
22973,1566428400000,0.0,1.8905362660926552e-06
22975,1566435600000,0.0,1.8905362660926552e-06
22976,1566439200000,0.0,1.8905362660926552e-06
22977,1566442800000,0.0,1.8905362660926552e-06
22978,1566446400000,0.22,0.2383
22979,1566450000000,2.74,2.4390000000000005
22981,1566457200000,8.45,5.7173
22982,1566460800000,8.72,9.886000000000005
22983,1566464400000,13.4,11.028600000000004
22984,1566468000000,15.6,14.195899999999996
22985,1566471600000,15.66,15.618300000000009
22987,1566478800000,10.9,11.540199999999997
22988,1566482400000,10.55,7.986799999999999
22989,1566486000000,6.19,7.340700000000002
22990,1566489600000,3.41,5.270500000000001
22992,1566496800000,0.09,0.7432000000000003
22993,1566500400000,0.0,1.8905362660926552e-06
22994,1566504000000,0.0,1.8905362660926552e-06
22995,1566507600000,0.0,1.8905362660926552e-06
22996,1566511200000,0.0,1.8905362660926552e-06
22997,1566514800000,0.0,1.8905362660926552e-06
22998,1566518400000,0.0,1.8905362660926552e-06
22999,1566522000000,0.0,1.8905362660926552e-06
23000,1566525600000,0.0,1.8905362660926552e-06
23001,1566529200000,0.0,1.8905362660926552e-06
23002,1566532800000,0.19,0.19190000000000004
23003,1566536400000,1.68,1.5075999999999998
23005,1566543600000,6.64,4.591
23006,1566547200000,4.13,6.228699999999999
23007,1566550800000,2.03,5.521799999999998
23008,1566554400000,2.76,3.876299999999999
23009,1566558000000,2.05,3.6307999999999994
23011,1566565200000,2.98,4.3694
23012,1566568800000,1.81,4.725099999999999
23013,1566572400000,2.7,4.5059000000000005
23014,1566576000000,4.43,4.087500000000002
23016,1566583200000,0.41,0.8985000000000002
23017,1566586800000,0.0,0.037899999999999996
23018,1566590400000,0.0,1.8905362660926552e-06
23019,1566594000000,0.0,1.8905362660926552e-06
23020,1566597600000,0.0,1.8905362660926552e-06
23021,1566601200000,0.0,1.8905362660926552e-06
23023,1566608400000,0.0,1.8905362660926552e-06
23024,1566612000000,0.0,1.8905362660926552e-06
23025,1566615600000,0.0,1.8905362660926552e-06
23026,1566619200000,0.03,0.23369999999999996
23027,1566622800000,0.51,0.7909999999999999
23029,1566630000000,4.08,3.9759999999999995
23030,1566633600000,11.55,9.103300000000004
23031,1566637200000,13.83,13.670699999999997
23032,1566640800000,14.64,14.613399999999999
23033,1566644400000,16.02,15.617700000000006
23035,1566651600000,12.88,13.736599999999992
23036,1566655200000,9.39,11.691099999999997
23037,1566658800000,10.53,8.453500000000002
23038,1566662400000,7.59,7.756699999999999
23039,1566666000000,4.72,5.225399999999999
23041,1566673200000,0.02,0.2158999999999999
23042,1566676800000,0.0,1.8905362660926552e-06
23043,1566680400000,0.0,1.8905362660926552e-06
23044,1566684000000,0.0,1.8905362660926552e-06
23045,1566687600000,0.0,1.8905362660926552e-06
23047,1566694800000,0.0,1.8905362660926552e-06
23048,1566698400000,0.0,1.8905362660926552e-06
23049,1566702000000,0.0,1.8905362660926552e-06
23050,1566705600000,0.05,0.08499999999999998
23051,1566709200000,1.02,2.2979000000000007
23053,1566716400000,4.21,6.208600000000001
23054,1566720000000,6.61,8.653200000000004
23055,1566723600000,12.56,10.170000000000002
23056,1566727200000,15.82,13.567399999999997
23057,1566730800000,13.78,15.400800000000011
23059,1566738000000,13.74,11.690000000000008
23060,1566741600000,11.5,11.097999999999999
23061,1566745200000,9.32,8.407799999999996
23062,1566748800000,6.25,7.422400000000001
23063,1566752400000,2.24,5.498699999999998
23065,1566759600000,0.01,0.16329999999999995
23066,1566763200000,0.0,1.8905362660926552e-06
23067,1566766800000,0.0,1.8905362660926552e-06
23068,1566770400000,0.0,1.8905362660926552e-06
23069,1566774000000,0.0,1.8905362660926552e-06
23071,1566781200000,0.0,1.8905362660926552e-06
23072,1566784800000,0.0,1.8905362660926552e-06
23073,1566788400000,0.0,1.8905362660926552e-06
23074,1566792000000,0.06,0.2498999999999999
23075,1566795600000,1.78,2.0499000000000005
23077,1566802800000,7.63,5.5126
23078,1566806400000,10.9,10.7799
23079,1566810000000,13.31,13.192399999999997
23080,1566813600000,14.88,14.262599999999997
23081,1566817200000,15.8,15.6527
23083,1566824400000,13.93,14.195999999999993
23084,1566828000000,11.84,12.223200000000002
23085,1566831600000,9.64,8.959799999999994
23086,1566835200000,6.74,7.262199999999999
23087,1566838800000,4.34,6.023699999999998
23089,1566846000000,0.01,0.2100999999999999
23090,1566849600000,0.0,1.8905362660926552e-06
23091,1566853200000,0.0,1.8905362660926552e-06
23092,1566856800000,0.0,1.8905362660926552e-06
23093,1566860400000,0.0,1.8905362660926552e-06
23095,1566867600000,0.0,1.8905362660926552e-06
23096,1566871200000,0.0,1.8905362660926552e-06
23097,1566874800000,0.0,1.8905362660926552e-06
23098,1566878400000,0.07,0.22679999999999992
23099,1566882000000,2.16,2.1327000000000007
23101,1566889200000,7.79,5.8725999999999985
23102,1566892800000,10.78,10.096000000000002
23103,1566896400000,13.07,13.072000000000001
23104,1566900000000,14.59,13.977499999999997
23105,1566903600000,15.64,14.945600000000004
23107,1566910800000,13.52,14.13309999999999
23108,1566914400000,11.7,12.037200000000007
23109,1566918000000,8.78,8.4711
23110,1566921600000,6.44,7.142500000000004
23111,1566925200000,3.99,5.627799999999999
23113,1566932400000,0.0,0.21229999999999996
23114,1566936000000,0.0,1.8905362660926552e-06
23115,1566939600000,0.0,1.8905362660926552e-06
23116,1566943200000,0.0,1.8905362660926552e-06
23117,1566946800000,0.0,1.8905362660926552e-06
23119,1566954000000,0.0,1.8905362660926552e-06
23120,1566957600000,0.0,1.8905362660926552e-06
23121,1566961200000,0.0,1.8905362660926552e-06
23122,1566964800000,0.08,0.209
23123,1566968400000,2.1,2.224300000000001
23125,1566975600000,7.49,5.7704
23126,1566979200000,10.62,10.721899999999998
23127,1566982800000,12.87,13.151
23128,1566986400000,14.86,14.160699999999995
23129,1566990000000,15.29,15.449900000000003
23131,1566997200000,13.12,13.401199999999996
23132,1567000800000,11.31,11.607600000000001
23133,1567004400000,8.57,8.769300000000001
23134,1567008000000,6.49,7.1495000000000015
23135,1567011600000,3.84,5.6568999999999985
23137,1567018800000,0.0,0.19369999999999993
23138,1567022400000,0.0,1.8905362660926552e-06
23139,1567026000000,0.0,1.8905362660926552e-06
23140,1567029600000,0.0,1.8905362660926552e-06
23142,1567036800000,0.0,1.8905362660926552e-06
23144,1567044000000,0.0,1.8905362660926552e-06
23146,1567051200000,0.03,0.014700000000000006
23147,1567054800000,1.27,1.122299999999999
23149,1567062000000,6.19,4.740300000000002
23150,1567065600000,9.94,9.998600000000009
23151,1567069200000,9.39,12.229500000000003
23152,1567072800000,14.2,12.728899999999996
23153,1567076400000,14.51,13.210399999999998
23155,1567083600000,5.36,10.854399999999998
23156,1567087200000,3.55,8.355899999999998
23157,1567090800000,4.6,5.4401
23158,1567094400000,1.18,3.6105000000000005
23159,1567098000000,2.24,0.7479000000000002
23161,1567105200000,0.0,0.19920000000000002
23162,1567108800000,0.0,1.8905362660926552e-06
23163,1567112400000,0.0,1.8905362660926552e-06
23164,1567116000000,0.0,1.8905362660926552e-06
23165,1567119600000,0.0,1.8905362660926552e-06
23167,1567126800000,0.0,1.8905362660926552e-06
23168,1567130400000,0.0,1.8905362660926552e-06
23169,1567134000000,0.0,1.8905362660926552e-06
23170,1567137600000,0.06,0.08479999999999994
23171,1567141200000,1.91,1.4327
23173,1567148400000,4.34,4.295599999999998
23174,1567152000000,9.68,9.116300000000006
23175,1567155600000,13.43,12.821300000000008
23176,1567159200000,13.36,14.617099999999995
23177,1567162800000,14.48,13.914899999999998
23179,1567170000000,7.7,11.9662
23180,1567173600000,8.9,7.987900000000003
23181,1567177200000,6.68,8.205000000000002
23182,1567180800000,3.99,5.598800000000002
23183,1567184400000,1.73,2.3074
23185,1567191600000,0.0,0.1383
23186,1567195200000,0.0,1.8905362660926552e-06
23187,1567198800000,0.0,1.8905362660926552e-06
23188,1567202400000,0.0,1.8905362660926552e-06
23189,1567206000000,0.0,1.8905362660926552e-06
23191,1567213200000,0.0,1.8905362660926552e-06
23192,1567216800000,0.0,1.8905362660926552e-06
23193,1567220400000,0.0,1.8905362660926552e-06
23194,1567224000000,0.02,0.07569999999999999
23195,1567227600000,0.93,1.3831999999999993
23197,1567234800000,6.79,5.2977000000000025
23198,1567238400000,11.12,10.019300000000005
23199,1567242000000,11.76,12.930199999999997
23200,1567245600000,11.93,13.549899999999994
23201,1567249200000,14.44,13.6304
23203,1567256400000,12.58,12.4892
23204,1567260000000,11.48,11.569399999999998
23205,1567263600000,7.48,8.8874
23206,1567267200000,6.59,6.775000000000001
23207,1567270800000,3.99,4.3031
23209,1567278000000,0.0,0.20149999999999996
23210,1567281600000,0.0,1.8905362660926552e-06
23211,1567285200000,0.0,1.8905362660926552e-06
23212,1567288800000,0.0,1.8905362660926552e-06
23213,1567292400000,0.0,1.8905362660926552e-06
23215,1567299600000,0.0,1.8905362660926552e-06
23216,1567303200000,0.0,1.8905362660926552e-06
23217,1567306800000,0.0,1.8905362660926552e-06
23218,1567310400000,0.02,0.10060000000000002
23219,1567314000000,0.99,1.7321000000000004
23220,1567317600000,4.42,3.4214999999999987
23221,1567321200000,4.43,7.334499999999997
23222,1567324800000,9.56,9.212600000000005
23223,1567328400000,12.26,12.510999999999994
23224,1567332000000,14.04,13.571000000000003
23225,1567335600000,14.31,12.140699999999997
23227,1567342800000,11.92,9.207000000000003
23228,1567346400000,6.9,8.426800000000004
23229,1567350000000,1.22,5.770500000000001
23230,1567353600000,0.6,2.844400000000001
23231,1567357200000,0.44,0.6857
23232,1567360800000,0.21,0.0464
23234,1567368000000,0.0,1.8905362660926552e-06
23235,1567371600000,0.0,1.8905362660926552e-06
23236,1567375200000,0.0,1.8905362660926552e-06
23237,1567378800000,0.0,1.8905362660926552e-06
23239,1567386000000,0.0,1.8905362660926552e-06
23240,1567389600000,0.0,1.8905362660926552e-06
23241,1567393200000,0.0,1.8905362660926552e-06
23242,1567396800000,0.0,0.014900000000000004
23243,1567400400000,0.5,1.3999999999999997
23245,1567407600000,2.26,3.968699999999999
23246,1567411200000,4.27,5.2163999999999975
23247,1567414800000,10.44,9.107200000000004
23248,1567418400000,10.81,11.952400000000003
23249,1567422000000,10.16,12.130600000000001
23251,1567429200000,11.2,11.541500000000006
23252,1567432800000,11.67,11.796400000000007
23253,1567436400000,6.29,8.200300000000002
23254,1567440000000,5.44,4.958900000000001
23255,1567443600000,3.3,2.7182000000000004
23256,1567447200000,0.2,0.4778999999999998
23257,1567450800000,0.0,1.8905362660926552e-06
23258,1567454400000,0.0,1.8905362660926552e-06
23259,1567458000000,0.0,1.8905362660926552e-06
23260,1567461600000,0.0,1.8905362660926552e-06
23261,1567465200000,0.0,1.8905362660926552e-06
23263,1567472400000,0.0,1.8905362660926552e-06
23264,1567476000000,0.0,1.8905362660926552e-06
23265,1567479600000,0.0,1.8905362660926552e-06
23266,1567483200000,0.01,0.03509999999999995
23267,1567486800000,1.86,1.4842999999999997
23269,1567494000000,6.72,5.1858
23270,1567497600000,10.54,9.822600000000008
23271,1567501200000,13.06,12.913600000000004
23272,1567504800000,14.87,14.506099999999998
23273,1567508400000,13.9,15.746800000000007
23275,1567515600000,9.93,9.722499999999995
23276,1567519200000,6.58,7.372199999999998
23277,1567522800000,3.82,7.234399999999998
23278,1567526400000,1.62,2.7079999999999997
23279,1567530000000,0.94,0.5417000000000002
23280,1567533600000,0.27,0.08099999999999996
23281,1567537200000,0.0,0.009000060606060609
23282,1567540800000,0.0,1.8905362660926552e-06
23284,1567548000000,0.0,1.8905362660926552e-06
23285,1567551600000,0.0,1.8905362660926552e-06
23287,1567558800000,0.0,1.8905362660926552e-06
23288,1567562400000,0.0,1.8905362660926552e-06
23289,1567566000000,0.0,1.8905362660926552e-06
23290,1567569600000,0.0,0.0012000622665006226
23291,1567573200000,0.23,0.3978999999999999
23293,1567580400000,2.45,2.6055000000000006
23294,1567584000000,5.18,6.788800000000004
23295,1567587600000,14.38,9.200700000000003
23296,1567591200000,15.02,15.137800000000004
23297,1567594800000,15.15,15.760599999999997
23299,1567602000000,11.52,13.426200000000001
23300,1567605600000,9.09,11.7312
23301,1567609200000,7.7,8.075400000000004
23302,1567612800000,3.08,5.2929
23303,1567616400000,1.04,1.9793999999999992
23305,1567623600000,0.0,0.10729999999999994
23306,1567627200000,0.0,1.8905362660926552e-06
23307,1567630800000,0.0,1.8905362660926552e-06
23308,1567634400000,0.0,1.8905362660926552e-06
23309,1567638000000,0.0,1.8905362660926552e-06
23310,1567641600000,0.0,1.8905362660926552e-06
23311,1567645200000,0.0,1.8905362660926552e-06
23312,1567648800000,0.0,1.8905362660926552e-06
23313,1567652400000,0.0,1.8905362660926552e-06
23314,1567656000000,0.0,0.00030006226650062265
23315,1567659600000,0.05,0.45819999999999994
23316,1567663200000,1.52,1.323899999999999
23317,1567666800000,2.31,4.353400000000001
23318,1567670400000,5.34,5.387599999999999
23319,1567674000000,11.32,8.629000000000001
23320,1567677600000,10.62,11.210600000000005
23321,1567681200000,12.31,11.163400000000008
23323,1567688400000,12.26,11.927100000000003
23324,1567692000000,10.82,9.892499999999997
23325,1567695600000,6.94,7.518500000000001
23326,1567699200000,2.95,5.220100000000002
23327,1567702800000,0.77,1.7233
23329,1567710000000,0.0,0.08829999999999993
23330,1567713600000,0.0,1.8905362660926552e-06
23331,1567717200000,0.0,1.8905362660926552e-06
23332,1567720800000,0.0,1.8905362660926552e-06
23333,1567724400000,0.0,1.8905362660926552e-06
23335,1567731600000,0.0,1.8905362660926552e-06
23336,1567735200000,0.0,1.8905362660926552e-06
23337,1567738800000,0.0,1.8905362660926552e-06
23338,1567742400000,0.0,0.005300062266500624
23339,1567746000000,1.32,1.1981999999999995
23341,1567753200000,7.21,4.3775
23342,1567756800000,10.41,10.27840000000001
23343,1567760400000,13.01,12.582299999999998
23344,1567764000000,15.12,14.421899999999996
23345,1567767600000,14.99,15.797000000000008
23347,1567774800000,9.85,11.469
23348,1567778400000,7.94,8.804
23349,1567782000000,6.02,4.799199999999998
23350,1567785600000,3.08,2.585900000000001
23351,1567789200000,1.63,0.7233999999999999
23353,1567796400000,0.0,0.15649999999999997
23354,1567800000000,0.0,1.8905362660926552e-06
23355,1567803600000,0.0,1.8905362660926552e-06
23356,1567807200000,0.0,1.8905362660926552e-06
23357,1567810800000,0.0,1.8905362660926552e-06
23359,1567818000000,0.0,1.8905362660926552e-06
23360,1567821600000,0.0,1.8905362660926552e-06
23361,1567825200000,0.0,1.8905362660926552e-06
23362,1567828800000,0.0,1.8905362660926552e-06
23363,1567832400000,0.05,0.5258999999999999
23364,1567836000000,0.91,1.4235999999999986
23365,1567839600000,2.63,2.6397999999999997
23366,1567843200000,3.87,4.7069
23367,1567846800000,6.79,6.3691999999999975
23368,1567850400000,3.36,7.588799999999999
23369,1567854000000,6.24,5.028599999999999
23371,1567861200000,8.65,7.5142000000000015
23372,1567864800000,8.74,7.642800000000001
23373,1567868400000,5.62,6.250400000000006
23374,1567872000000,1.9,3.1634
23375,1567875600000,2.37,0.7636999999999997
23377,1567882800000,0.0,0.1803
23378,1567886400000,0.0,1.8905362660926552e-06
23379,1567890000000,0.0,1.8905362660926552e-06
23380,1567893600000,0.0,1.8905362660926552e-06
23381,1567897200000,0.0,1.8905362660926552e-06
23383,1567904400000,0.0,1.8905362660926552e-06
23384,1567908000000,0.0,1.8905362660926552e-06
23385,1567911600000,0.0,1.8905362660926552e-06
23386,1567915200000,0.0,1.8905362660926552e-06
23387,1567918800000,0.26,0.7424999999999998
23389,1567926000000,3.97,3.101400000000001
23390,1567929600000,8.19,5.8233
23391,1567933200000,10.51,8.531399999999996
23392,1567936800000,13.57,9.868999999999998
23393,1567940400000,12.05,12.184099999999999
23395,1567947600000,6.19,7.220599999999999
23396,1567951200000,4.69,5.62
23397,1567954800000,2.56,3.9764999999999993
23398,1567958400000,1.5,3.193900000000001
23399,1567962000000,0.44,0.38690000000000013
23400,1567965600000,0.01,0.056799999999999955
23401,1567969200000,0.0,1.8905362660926552e-06
23402,1567972800000,0.0,1.8905362660926552e-06
23403,1567976400000,0.0,1.8905362660926552e-06
23404,1567980000000,0.0,1.8905362660926552e-06
23405,1567983600000,0.0,1.8905362660926552e-06
23406,1567987200000,0.0,1.8905362660926552e-06
23407,1567990800000,0.0,1.8905362660926552e-06
23408,1567994400000,0.0,1.8905362660926552e-06
23409,1567998000000,0.0,1.8905362660926552e-06
23410,1568001600000,0.0,1.8905362660926552e-06
23411,1568005200000,0.07,0.2601999999999999
23412,1568008800000,0.46,0.9643
23413,1568012400000,0.75,1.4972
23414,1568016000000,1.18,3.3731
23415,1568019600000,1.68,3.364699999999999
23416,1568023200000,3.46,3.7897999999999996
23417,1568026800000,3.85,4.9228999999999985
23422,1568044800000,4.8,4.538700000000001
23423,1568048400000,1.82,1.4951000000000005
23425,1568055600000,0.0,0.16709999999999997
23426,1568059200000,0.0,1.8905362660926552e-06
23427,1568062800000,0.0,1.8905362660926552e-06
23428,1568066400000,0.0,1.8905362660926552e-06
23429,1568070000000,0.0,1.8905362660926552e-06
23431,1568077200000,0.0,1.8905362660926552e-06
23432,1568080800000,0.0,1.8905362660926552e-06
23433,1568084400000,0.0,1.8905362660926552e-06
23434,1568088000000,0.0,1.8905362660926552e-06
23435,1568091600000,0.38,0.2654999999999999
23437,1568098800000,5.48,3.324600000000001
23438,1568102400000,8.76,8.168100000000004
23439,1568106000000,10.92,10.626800000000005
23440,1568109600000,12.48,12.812499999999998
23441,1568113200000,13.11,13.368299999999994
23445,1568127600000,4.73,6.107100000000005
23446,1568131200000,2.94,2.1826000000000003
23447,1568134800000,0.58,0.6998000000000002
23449,1568142000000,0.0,0.07469999999999995
23450,1568145600000,0.0,1.8905362660926552e-06
23451,1568149200000,0.0,1.8905362660926552e-06
23452,1568152800000,0.0,1.8905362660926552e-06
23453,1568156400000,0.0,1.8905362660926552e-06
23455,1568163600000,0.0,1.8905362660926552e-06
23456,1568167200000,0.0,1.8905362660926552e-06
23457,1568170800000,0.0,1.8905362660926552e-06
23458,1568174400000,0.0,1.8905362660926552e-06
23459,1568178000000,0.05,0.14490000000000008
23460,1568181600000,1.02,0.9017999999999999
23465,1568214000000,4.38,4.476400000000004
23466,1568217600000,2.6,4.812300000000004
23467,1568221200000,1.25,0.9508000000000003
23469,1568228400000,0.0,0.11199999999999992
23470,1568232000000,0.0,1.8905362660926552e-06
23471,1568235600000,0.0,1.8905362660926552e-06
23472,1568239200000,0.0,1.8905362660926552e-06
23473,1568242800000,0.0,1.8905362660926552e-06
23474,1568246400000,0.0,1.8905362660926552e-06
23475,1568250000000,0.0,1.8905362660926552e-06
23476,1568253600000,0.0,1.8905362660926552e-06
23477,1568257200000,0.0,1.8905362660926552e-06
23478,1568260800000,0.0,1.8905362660926552e-06
23479,1568264400000,0.04,0.2653
23480,1568268000000,0.68,1.3631999999999989
23481,1568271600000,3.55,2.177099999999998
23482,1568275200000,7.43,6.8636
23483,1568278800000,10.98,10.585500000000007
23484,1568282400000,13.74,13.129899999999997
23485,1568286000000,14.54,13.9801
23487,1568293200000,11.78,12.509399999999996
23488,1568296800000,10.12,9.964399999999996
23489,1568300400000,5.23,7.272699999999998
23490,1568304000000,4.52,5.0877000000000026
23491,1568307600000,1.97,1.0574000000000006
23493,1568314800000,0.0,0.18619999999999998
23494,1568318400000,0.0,1.8905362660926552e-06
23495,1568322000000,0.0,1.8905362660926552e-06
23496,1568325600000,0.0,1.8905362660926552e-06
23497,1568329200000,0.0,1.8905362660926552e-06
23499,1568336400000,0.0,1.8905362660926552e-06
23500,1568340000000,0.0,1.8905362660926552e-06
23501,1568343600000,0.0,1.8905362660926552e-06
23502,1568347200000,0.0,1.8905362660926552e-06
23503,1568350800000,0.19,0.3652
23505,1568358000000,5.26,2.8325
23506,1568361600000,9.08,9.421600000000005
23507,1568365200000,9.32,11.9853
23508,1568368800000,12.34,8.2748
23509,1568372400000,8.79,11.391200000000001
23511,1568379600000,6.47,10.264800000000005
23512,1568383200000,11.24,8.036600000000004
23513,1568386800000,3.82,7.638299999999999
23514,1568390400000,4.37,4.636000000000001
23515,1568394000000,2.23,1.0656000000000008
23517,1568401200000,0.0,0.16359999999999997
23518,1568404800000,0.0,1.8905362660926552e-06
23519,1568408400000,0.0,1.8905362660926552e-06
23520,1568412000000,0.0,1.8905362660926552e-06
23521,1568415600000,0.0,1.8905362660926552e-06
23523,1568422800000,0.0,1.8905362660926552e-06
23524,1568426400000,0.0,1.8905362660926552e-06
23525,1568430000000,0.0,1.8905362660926552e-06
23526,1568433600000,0.0,1.8905362660926552e-06
23527,1568437200000,0.58,0.8795999999999996
23529,1568444400000,6.38,5.164899999999999
23530,1568448000000,9.17,10.5517
23531,1568451600000,11.95,12.386100000000004
23532,1568455200000,13.82,14.099199999999998
23533,1568458800000,14.25,14.2328
23535,1568466000000,12.55,12.690400000000006
23536,1568469600000,9.08,10.207899999999995
23537,1568473200000,4.34,7.115099999999996
23538,1568476800000,2.77,4.605000000000002
23539,1568480400000,0.58,0.6410000000000001
23541,1568487600000,0.0,0.058299999999999984
23542,1568491200000,0.0,1.8905362660926552e-06
23544,1568498400000,0.0,1.8905362660926552e-06
23545,1568502000000,0.0,1.8905362660926552e-06
23546,1568505600000,0.0,1.8905362660926552e-06
23547,1568509200000,0.0,1.8905362660926552e-06
23548,1568512800000,0.0,1.8905362660926552e-06
23549,1568516400000,0.0,1.8905362660926552e-06
23550,1568520000000,0.0,1.8905362660926552e-06
23551,1568523600000,0.0,0.14620000000000008
23553,1568530800000,0.27,0.9140999999999994
23554,1568534400000,2.54,1.8426999999999998
23555,1568538000000,3.95,5.8485000000000005
23556,1568541600000,12.94,8.683400000000004
23557,1568545200000,13.31,12.002800000000002
23559,1568552400000,12.36,11.4964
23560,1568556000000,7.48,9.560599999999999
23561,1568559600000,4.6,6.031200000000002
23562,1568563200000,4.12,4.491900000000002
23563,1568566800000,1.41,0.9879000000000007
23565,1568574000000,0.0,0.23349999999999993
23566,1568577600000,0.0,1.8905362660926552e-06
23567,1568581200000,0.0,1.8905362660926552e-06
23568,1568584800000,0.0,1.8905362660926552e-06
23569,1568588400000,0.0,1.8905362660926552e-06
23571,1568595600000,0.0,1.8905362660926552e-06
23572,1568599200000,0.0,1.8905362660926552e-06
23573,1568602800000,0.0,1.8905362660926552e-06
23574,1568606400000,0.0,1.8905362660926552e-06
23575,1568610000000,0.2,0.5324000000000001
23577,1568617200000,6.04,2.944299999999999
23578,1568620800000,7.38,8.009500000000003
23579,1568624400000,5.37,8.527800000000001
23580,1568628000000,5.77,8.636299999999999
23581,1568631600000,4.47,8.4857
23583,1568638800000,4.02,6.3850999999999996
23584,1568642400000,3.05,4.1695
23585,1568646000000,2.71,3.5460000000000007
23586,1568649600000,2.4,1.4781999999999997
23587,1568653200000,0.3,0.5023999999999998
23588,1568656800000,0.0,0.06499999999999996
23589,1568660400000,0.0,1.8905362660926552e-06
23590,1568664000000,0.0,1.8905362660926552e-06
23592,1568671200000,0.0,1.8905362660926552e-06
23593,1568674800000,0.0,1.8905362660926552e-06
23595,1568682000000,0.0,1.8905362660926552e-06
23596,1568685600000,0.0,1.8905362660926552e-06
23597,1568689200000,0.0,1.8905362660926552e-06
23598,1568692800000,0.0,1.8905362660926552e-06
23599,1568696400000,0.19,0.31040000000000023
23601,1568703600000,6.2,2.8792999999999993
23602,1568707200000,9.04,7.1720000000000015
23603,1568710800000,11.06,9.837400000000004
23604,1568714400000,13.96,11.131499999999999
23605,1568718000000,14.09,11.193700000000005
23607,1568725200000,11.85,10.787999999999997
23608,1568728800000,7.54,8.3038
23609,1568732400000,4.8,5.3700000000000045
23610,1568736000000,3.99,3.3622000000000014
23611,1568739600000,1.7,0.835999999999999
23613,1568746800000,0.0,0.14329999999999993
23614,1568750400000,0.0,1.8905362660926552e-06
23615,1568754000000,0.0,1.8905362660926552e-06
23616,1568757600000,0.0,1.8905362660926552e-06
23617,1568761200000,0.0,1.8905362660926552e-06
23619,1568768400000,0.0,1.8905362660926552e-06
23620,1568772000000,0.0,1.8905362660926552e-06
23621,1568775600000,0.0,1.8905362660926552e-06
23622,1568779200000,0.0,1.8905362660926552e-06
23623,1568782800000,0.14,0.2946000000000002
23625,1568790000000,4.66,2.9622999999999995
23626,1568793600000,7.3,7.996799999999997
23627,1568797200000,8.13,10.505400000000003
23628,1568800800000,11.68,11.0963
23629,1568804400000,8.34,9.607800000000003
23631,1568811600000,10.83,9.841500000000002
23632,1568815200000,7.42,7.762999999999998
23633,1568818800000,2.49,4.7684999999999995
23634,1568822400000,1.9,1.3640999999999992
23638,1568836800000,0.0,1.8905362660926552e-06
23639,1568840400000,0.0,1.8905362660926552e-06
23640,1568844000000,0.0,1.8905362660926552e-06
23641,1568847600000,0.0,1.8905362660926552e-06
23643,1568854800000,0.0,1.8905362660926552e-06
23644,1568858400000,0.0,1.8905362660926552e-06
23645,1568862000000,0.0,1.8905362660926552e-06
23646,1568865600000,0.0,1.8905362660926552e-06
23647,1568869200000,0.08,0.2521000000000001
23649,1568876400000,4.03,1.5810999999999995
23650,1568880000000,7.84,7.270299999999999
23651,1568883600000,10.8,9.425000000000004
23652,1568887200000,11.7,10.1035
23653,1568890800000,13.44,10.996099999999998
23655,1568898000000,10.13,10.110899999999997
23656,1568901600000,8.23,7.321500000000003
23657,1568905200000,6.34,5.853599999999999
23658,1568908800000,4.11,4.405099999999999
23659,1568912400000,0.73,0.6051999999999998
23661,1568919600000,0.0,0.06269999999999996
23662,1568923200000,0.0,1.8905362660926552e-06
23663,1568926800000,0.0,1.8905362660926552e-06
23664,1568930400000,0.0,1.8905362660926552e-06
23665,1568934000000,0.0,1.8905362660926552e-06
23667,1568941200000,0.0,1.8905362660926552e-06
23668,1568944800000,0.0,1.8905362660926552e-06
23669,1568948400000,0.0,1.8905362660926552e-06
23670,1568952000000,0.0,1.8905362660926552e-06
23671,1568955600000,0.07,0.3122000000000001
23673,1568962800000,3.54,2.7958999999999996
23674,1568966400000,6.72,6.113599999999999
23675,1568970000000,8.37,8.189099999999998
23676,1568973600000,9.1,10.270000000000003
23677,1568977200000,8.32,10.144200000000003
23679,1568984400000,2.77,6.414699999999999
23680,1568988000000,2.95,4.4129000000000005
23681,1568991600000,2.09,3.1803000000000003
23682,1568995200000,1.13,1.256399999999999
23683,1568998800000,0.11,0.07039999999999996
23685,1569006000000,0.0,1.8905362660926552e-06
23686,1569009600000,0.0,1.8905362660926552e-06
23687,1569013200000,0.0,1.8905362660926552e-06
23688,1569016800000,0.0,1.8905362660926552e-06
23689,1569020400000,0.0,1.8905362660926552e-06
23691,1569027600000,0.0,1.8905362660926552e-06
23692,1569031200000,0.0,1.8905362660926552e-06
23693,1569034800000,0.0,1.8905362660926552e-06
23694,1569038400000,0.0,1.8905362660926552e-06
23695,1569042000000,0.02,0.22300000000000003
23697,1569049200000,3.16,1.7402000000000004
23698,1569052800000,7.92,7.395400000000002
23699,1569056400000,10.38,10.653100000000002
23700,1569060000000,12.06,12.9196
23701,1569063600000,12.63,13.619199999999996
23703,1569070800000,10.56,10.761499999999995
23704,1569074400000,6.65,7.854699999999998
23705,1569078000000,3.96,5.814800000000003
23706,1569081600000,3.16,4.298400000000002
23707,1569085200000,1.02,0.4795
23709,1569092400000,0.0,0.08669999999999993
23710,1569096000000,0.0,1.8905362660926552e-06
23711,1569099600000,0.0,1.8905362660926552e-06
23712,1569103200000,0.0,1.8905362660926552e-06
23713,1569106800000,0.0,1.8905362660926552e-06
23715,1569114000000,0.0,1.8905362660926552e-06
23716,1569117600000,0.0,1.8905362660926552e-06
23717,1569121200000,0.0,1.8905362660926552e-06
23718,1569124800000,0.0,1.8905362660926552e-06
23719,1569128400000,0.04,0.16939999999999997
23721,1569135600000,1.79,1.2895999999999992
23722,1569139200000,2.39,4.252200000000002
23723,1569142800000,2.95,3.5114999999999985
23724,1569146400000,4.12,4.201499999999998
23725,1569150000000,6.81,6.1042999999999985
23727,1569157200000,6.44,6.196300000000001
23728,1569160800000,1.42,4.9645
23729,1569164400000,2.24,3.9997000000000016
23730,1569168000000,0.79,1.8933999999999984
23731,1569171600000,0.2,0.07269999999999995
23733,1569178800000,0.0,1.8905362660926552e-06
23734,1569182400000,0.0,1.8905362660926552e-06
23735,1569186000000,0.0,1.8905362660926552e-06
23736,1569189600000,0.0,1.8905362660926552e-06
23737,1569193200000,0.0,1.8905362660926552e-06
23739,1569200400000,0.0,1.8905362660926552e-06
23740,1569204000000,0.0,1.8905362660926552e-06
23741,1569207600000,0.0,1.8905362660926552e-06
23742,1569211200000,0.0,1.8905362660926552e-06
23743,1569214800000,0.17,0.15379999999999996
23745,1569222000000,5.31,5.0081000000000016
23746,1569225600000,7.76,7.077499999999998
23747,1569229200000,10.89,9.536999999999997
23748,1569232800000,11.74,12.192600000000004
23749,1569236400000,13.03,9.445499999999997
23751,1569243600000,8.05,9.3243
23752,1569247200000,5.54,6.0302
23753,1569250800000,3.83,4.152600000000001
23754,1569254400000,0.88,1.1524999999999999
23755,1569258000000,0.1,0.06129999999999999
23757,1569265200000,0.0,1.8905362660926552e-06
23759,1569272400000,0.0,1.8905362660926552e-06
23760,1569276000000,0.0,1.8905362660926552e-06
23761,1569279600000,0.0,1.8905362660926552e-06
23763,1569286800000,0.0,1.8905362660926552e-06
23764,1569290400000,0.0,1.8905362660926552e-06
23765,1569294000000,0.0,1.8905362660926552e-06
23766,1569297600000,0.0,1.8905362660926552e-06
23767,1569301200000,0.0,0.05899999999999994
23769,1569308400000,1.08,1.1257999999999992
23770,1569312000000,2.04,3.5894999999999997
23771,1569315600000,4.23,4.6181
23772,1569319200000,7.49,7.632699999999995
23773,1569322800000,11.89,8.940900000000005
23775,1569330000000,8.28,9.3391
23776,1569333600000,6.07,6.8991999999999996
23777,1569337200000,5.8,4.567900000000001
23778,1569340800000,2.41,1.350999999999999
23779,1569344400000,0.69,0.2530999999999999
23781,1569351600000,0.0,0.05599999999999998
23782,1569355200000,0.0,1.8905362660926552e-06
23783,1569358800000,0.0,1.8905362660926552e-06
23784,1569362400000,0.0,1.8905362660926552e-06
23785,1569366000000,0.0,1.8905362660926552e-06
23787,1569373200000,0.0,1.8905362660926552e-06
23788,1569376800000,0.0,1.8905362660926552e-06
23789,1569380400000,0.0,1.8905362660926552e-06
23790,1569384000000,0.0,1.8905362660926552e-06
23791,1569387600000,0.06,0.1172999999999999
23793,1569394800000,4.76,3.1842999999999995
23794,1569398400000,5.68,7.687099999999996
23795,1569402000000,6.88,9.000599999999993
23796,1569405600000,12.05,10.753799999999998
23797,1569409200000,13.58,8.323500000000001
23799,1569416400000,6.32,8.4967
23800,1569420000000,1.44,4.791099999999999
23801,1569423600000,0.8,1.5614999999999992
23802,1569427200000,0.25,0.2503999999999998
23803,1569430800000,0.0,0.01440023725664073
23805,1569438000000,0.0,1.8905362660926552e-06
23806,1569441600000,0.0,1.8905362660926552e-06
23807,1569445200000,0.0,1.8905362660926552e-06
23808,1569448800000,0.0,1.8905362660926552e-06
23809,1569452400000,0.0,1.8905362660926552e-06
23811,1569459600000,0.0,1.8905362660926552e-06
23812,1569463200000,0.0,1.8905362660926552e-06
23813,1569466800000,0.0,1.8905362660926552e-06
23814,1569470400000,0.0,1.8905362660926552e-06
23815,1569474000000,0.0,0.044499999999999956
23817,1569481200000,1.63,1.0774999999999997
23818,1569484800000,3.22,4.095200000000002
23819,1569488400000,5.76,4.6251999999999995
23820,1569492000000,10.7,8.791499999999992
23821,1569495600000,11.64,9.160100000000002
23823,1569502800000,4.8,8.455699999999997
23824,1569506400000,6.16,4.4853000000000005
23825,1569510000000,4.85,4.8001000000000005
23826,1569513600000,3.11,1.3184999999999996
23827,1569517200000,0.31,0.47029999999999994
23829,1569524400000,0.0,0.03270000000000001
23830,1569528000000,0.0,1.8905362660926552e-06
23831,1569531600000,0.0,1.8905362660926552e-06
23832,1569535200000,0.0,1.8905362660926552e-06
23833,1569538800000,0.0,1.8905362660926552e-06
23835,1569546000000,0.0,1.8905362660926552e-06
23836,1569549600000,0.0,1.8905362660926552e-06
23837,1569553200000,0.0,1.8905362660926552e-06
23838,1569556800000,0.0,1.8905362660926552e-06
23839,1569560400000,0.04,0.07269999999999995
23841,1569567600000,4.64,2.642
23842,1569571200000,7.06,7.633099999999997
23843,1569574800000,9.82,9.903200000000007
23844,1569578400000,11.65,11.199700000000002
23845,1569582000000,11.92,11.525100000000004
23847,1569589200000,9.86,9.7212
23848,1569592800000,5.2,7.274500000000001
23849,1569596400000,2.49,4.222500000000001
23850,1569600000000,1.01,0.8460999999999999
23851,1569603600000,0.09,0.06179999999999996
23853,1569610800000,0.0,1.8905362660926552e-06
23854,1569614400000,0.0,1.8905362660926552e-06
23855,1569618000000,0.0,1.8905362660926552e-06
23856,1569621600000,0.0,1.8905362660926552e-06
23857,1569625200000,0.0,1.8905362660926552e-06
23859,1569632400000,0.0,1.8905362660926552e-06
23860,1569636000000,0.0,1.8905362660926552e-06
23861,1569639600000,0.0,1.8905362660926552e-06
23862,1569643200000,0.0,1.8905362660926552e-06
23863,1569646800000,0.0,0.010700000000000003
23865,1569654000000,0.44,0.9972999999999993
23867,1569661200000,2.51,1.9097
23868,1569664800000,2.42,4.506399999999997
23869,1569668400000,2.49,3.9709999999999996
23870,1569672000000,2.22,3.4412000000000003
23871,1569675600000,1.37,5.782500000000002
23872,1569679200000,1.42,2.4675
23873,1569682800000,0.66,1.2349999999999999
23874,1569686400000,0.59,0.22149999999999997
23875,1569690000000,0.01,0.10069999999999987
23876,1569693600000,0.0,1.8905362660926552e-06
23877,1569697200000,0.0,1.8905362660926552e-06
23878,1569700800000,0.0,1.8905362660926552e-06
23879,1569704400000,0.0,1.8905362660926552e-06
23880,1569708000000,0.0,1.8905362660926552e-06
23881,1569711600000,0.0,1.8905362660926552e-06
23883,1569718800000,0.0,1.8905362660926552e-06
23884,1569722400000,0.0,1.8905362660926552e-06
23885,1569726000000,0.0,1.8905362660926552e-06
23886,1569729600000,0.0,1.8905362660926552e-06
23887,1569733200000,0.0,0.0009000000000000001
23889,1569740400000,0.38,0.9639999999999993
23890,1569744000000,1.95,1.5904999999999998
23891,1569747600000,2.59,3.8670999999999993
23892,1569751200000,5.18,4.186799999999998
23893,1569754800000,6.1,5.5566
23895,1569762000000,3.33,5.951199999999999
23896,1569765600000,2.29,3.773899999999999
23897,1569769200000,1.36,1.542199999999999
23898,1569772800000,0.5,0.4364
23899,1569776400000,0.0,0.06709999999999995
23900,1569780000000,0.0,1.8905362660926552e-06
23901,1569783600000,0.0,1.8905362660926552e-06
23902,1569787200000,0.0,1.8905362660926552e-06
23903,1569790800000,0.0,1.8905362660926552e-06
23904,1569794400000,0.0,1.8905362660926552e-06
23905,1569798000000,0.0,1.8905362660926552e-06
23907,1569805200000,0.0,1.8905362660926552e-06
23908,1569808800000,0.0,1.8905362660926552e-06
23909,1569812400000,0.0,1.8905362660926552e-06
23910,1569816000000,0.0,1.8905362660926552e-06
23914,1569830400000,1.57,2.0560999999999994
23915,1569834000000,2.82,2.954
23916,1569837600000,1.87,3.4166999999999996
23917,1569841200000,3.76,3.502
23919,1569848400000,2.83,4.3049
23920,1569852000000,2.9,3.7962999999999987
23921,1569855600000,1.76,2.4242
23922,1569859200000,0.49,0.46710000000000007
23923,1569862800000,0.03,0.10829999999999991
23924,1569866400000,0.0,0.0010018306201486568
23925,1569870000000,0.0,1.8905362660926552e-06
23926,1569873600000,0.0,1.8905362660926552e-06
23927,1569877200000,0.0,1.8905362660926552e-06
23929,1569884400000,0.0,1.8905362660926552e-06
23931,1569891600000,0.0,1.8905362660926552e-06
23932,1569895200000,0.0,1.8905362660926552e-06
23933,1569898800000,0.0,1.8905362660926552e-06
23934,1569902400000,0.0,1.8905362660926552e-06
23935,1569906000000,0.0,0.0007000000000000001
23937,1569913200000,1.12,1.4108999999999992
23938,1569916800000,5.64,3.6830000000000003
23939,1569920400000,9.45,9.012000000000004
23940,1569924000000,11.96,9.803500000000007
23941,1569927600000,12.07,10.344000000000005
23943,1569934800000,9.17,9.715899999999998
23944,1569938400000,5.07,7.5764
23945,1569942000000,3.62,3.6963999999999997
23946,1569945600000,1.86,1.6108000000000002
23947,1569949200000,0.06,0.2682
23949,1569956400000,0.0,0.0013018306201486567
23950,1569960000000,0.0,0.001501830620148657
23951,1569963600000,0.0,1.8905362660926552e-06
23952,1569967200000,0.0,1.8905362660926552e-06
23953,1569970800000,0.0,1.8905362660926552e-06
23954,1569974400000,0.0,1.8905362660926552e-06
23955,1569978000000,0.0,1.8905362660926552e-06
23956,1569981600000,0.0,1.8905362660926552e-06
23957,1569985200000,0.0,1.8905362660926552e-06
23958,1569988800000,0.0,1.8905362660926552e-06
23959,1569992400000,0.0,0.004301767663704868
23961,1569999600000,2.73,0.7900999999999998
23962,1570003200000,2.91,3.695099999999999
23963,1570006800000,3.18,3.561499999999999
23964,1570010400000,2.87,4.0802
23965,1570014000000,3.33,3.163799999999999
23966,1570017600000,3.4,4.2700000000000005
23967,1570021200000,3.54,4.2269000000000005
23968,1570024800000,1.44,3.993300000000001
23969,1570028400000,0.77,0.7488999999999997
23970,1570032000000,0.14,0.10499999999999994
23971,1570035600000,0.0,1.8905362660926552e-06
23972,1570039200000,0.0,1.8905362660926552e-06
23973,1570042800000,0.0,1.8905362660926552e-06
23974,1570046400000,0.0,1.8905362660926552e-06
23975,1570050000000,0.0,1.8905362660926552e-06
23976,1570053600000,0.0,1.8905362660926552e-06
23977,1570057200000,0.0,1.8905362660926552e-06
23978,1570060800000,0.0,1.8905362660926552e-06
23979,1570064400000,0.0,1.8905362660926552e-06
23980,1570068000000,0.0,1.8905362660926552e-06
23981,1570071600000,0.0,1.8905362660926552e-06
23982,1570075200000,0.0,1.8905362660926552e-06
23983,1570078800000,0.0,0.0042017676637048675
23985,1570086000000,0.82,1.2301
23986,1570089600000,3.57,2.231699999999999
23987,1570093200000,7.35,6.263400000000001
23988,1570096800000,7.18,6.9098000000000015
23989,1570100400000,9.17,6.987199999999998
23991,1570107600000,6.34,6.475999999999998
23992,1570111200000,4.35,4.7635999999999985
23993,1570114800000,3.28,3.3004
23994,1570118400000,0.73,0.8886000000000007
23995,1570122000000,0.04,0.059099999999999965
23997,1570129200000,0.0,1.8905362660926552e-06
23998,1570132800000,0.0,1.8905362660926552e-06
23999,1570136400000,0.0,1.8905362660926552e-06
24000,1570140000000,0.0,1.8905362660926552e-06
24001,1570143600000,0.0,1.8905362660926552e-06
24003,1570150800000,0.0,1.8905362660926552e-06
24004,1570154400000,0.0,1.8905362660926552e-06
24005,1570158000000,0.0,1.8905362660926552e-06
24006,1570161600000,0.0,1.8905362660926552e-06
24007,1570165200000,0.0,0.0042017676637048675
24009,1570172400000,3.63,1.154800000000001
24010,1570176000000,6.36,6.030200000000001
24011,1570179600000,8.98,8.075200000000004
24012,1570183200000,8.87,9.467500000000001
24013,1570186800000,8.59,8.006400000000003
24015,1570194000000,7.8,7.021100000000002
24016,1570197600000,4.15,5.190300000000001
24017,1570201200000,1.87,2.546700000000001
24018,1570204800000,0.67,0.5603000000000001
24019,1570208400000,0.01,0.058699999999999954
24020,1570212000000,0.0,1.8905362660926552e-06
24021,1570215600000,0.0,1.8905362660926552e-06
24022,1570219200000,0.0,1.8905362660926552e-06
24023,1570222800000,0.0,1.8905362660926552e-06
24024,1570226400000,0.0,1.8905362660926552e-06
24025,1570230000000,0.0,1.8905362660926552e-06
24027,1570237200000,0.0,1.8905362660926552e-06
24028,1570240800000,0.0,1.8905362660926552e-06
24029,1570244400000,0.0,1.8905362660926552e-06
24030,1570248000000,0.0,1.8905362660926552e-06
24031,1570251600000,0.0,0.0042017676637048675
24033,1570258800000,2.66,1.2119000000000004
24034,1570262400000,6.11,4.815700000000001
24035,1570266000000,8.86,7.826000000000001
24036,1570269600000,10.68,9.9128
24037,1570273200000,10.43,10.184000000000005
24039,1570280400000,6.4,7.177400000000003
24040,1570284000000,4.0,4.535000000000002
24041,1570287600000,1.94,1.6967000000000012
24042,1570291200000,0.5,0.5735999999999998
24043,1570294800000,0.0,0.06239999999999998
24045,1570302000000,0.0,1.8905362660926552e-06
24046,1570305600000,0.0,1.8905362660926552e-06
24047,1570309200000,0.0,1.8905362660926552e-06
24048,1570312800000,0.0,1.8905362660926552e-06
24049,1570316400000,0.0,1.8905362660926552e-06
24051,1570323600000,0.0,1.8905362660926552e-06
24052,1570327200000,0.0,1.8905362660926552e-06
24053,1570330800000,0.0,1.8905362660926552e-06
24054,1570334400000,0.0,1.8905362660926552e-06
24055,1570338000000,0.0,0.0042017676637048675
24057,1570345200000,0.96,1.0093999999999996
24058,1570348800000,2.21,2.543399999999998
24059,1570352400000,4.7,6.4859
24060,1570356000000,7.01,8.406700000000006
24061,1570359600000,9.47,9.3777
24063,1570366800000,6.91,7.346000000000003
24064,1570370400000,4.44,6.102299999999999
24065,1570374000000,2.47,4.279400000000001
24066,1570377600000,0.61,0.6567000000000001
24067,1570381200000,0.0,0.05709999999999997
24069,1570388400000,0.0,1.8905362660926552e-06
24070,1570392000000,0.0,1.8905362660926552e-06
24071,1570395600000,0.0,1.8905362660926552e-06
24072,1570399200000,0.0,1.8905362660926552e-06
24073,1570402800000,0.0,1.8905362660926552e-06
24075,1570410000000,0.0,1.8905362660926552e-06
24076,1570413600000,0.0,1.8905362660926552e-06
24077,1570417200000,0.0,1.8905362660926552e-06
24078,1570420800000,0.0,1.8905362660926552e-06
24079,1570424400000,0.0,0.0042017676637048675
24081,1570431600000,3.56,0.9534999999999999
24082,1570435200000,5.49,4.0915
24083,1570438800000,8.53,8.533900000000003
24084,1570442400000,9.87,9.249899999999998
24086,1570449600000,4.41,7.813600000000003
24087,1570453200000,3.71,5.562899999999997
24088,1570456800000,3.16,4.0405
24089,1570460400000,1.33,3.4398000000000013
24090,1570464000000,0.33,0.311
24091,1570467600000,0.0,0.0407
24093,1570474800000,0.0,1.8905362660926552e-06
24094,1570478400000,0.0,1.8905362660926552e-06
24095,1570482000000,0.0,1.8905362660926552e-06
24096,1570485600000,0.0,1.8905362660926552e-06
24097,1570489200000,0.0,1.8905362660926552e-06
24099,1570496400000,0.0,1.8905362660926552e-06
24100,1570500000000,0.0,1.8905362660926552e-06
24101,1570503600000,0.0,1.8905362660926552e-06
24102,1570507200000,0.0,1.8905362660926552e-06
24103,1570510800000,0.0,0.0042017676637048675
24105,1570518000000,1.31,1.0043
24106,1570521600000,2.38,3.7132999999999994
24107,1570525200000,3.68,4.332900000000001
24108,1570528800000,5.92,4.618
24109,1570532400000,7.18,7.771500000000003
24111,1570539600000,4.73,5.561200000000001
24112,1570543200000,4.95,3.5192
24113,1570546800000,2.27,1.689000000000001
24114,1570550400000,0.51,0.2662999999999999
24115,1570554000000,0.0,0.06799999999999995
24117,1570561200000,0.0,1.8905362660926552e-06
24118,1570564800000,0.0,1.8905362660926552e-06
24119,1570568400000,0.0,1.8905362660926552e-06
24120,1570572000000,0.0,1.8905362660926552e-06
24121,1570575600000,0.0,1.8905362660926552e-06
24122,1570579200000,0.0,1.8905362660926552e-06
24123,1570582800000,0.0,1.8905362660926552e-06
24124,1570586400000,0.0,1.8905362660926552e-06
24126,1570593600000,0.0,1.8905362660926552e-06
24127,1570597200000,0.0,0.0042017676637048675
24129,1570604400000,0.67,0.6286999999999999
24130,1570608000000,1.53,1.9758999999999987
24131,1570611600000,1.61,3.585999999999999
24132,1570615200000,1.31,3.632800000000001
24133,1570618800000,1.83,2.9599000000000006
24134,1570622400000,4.67,4.084500000000002
24135,1570626000000,2.06,3.969099999999999
24136,1570629600000,1.4,3.4560000000000004
24137,1570633200000,1.23,0.7319999999999998
24138,1570636800000,0.04,0.16569999999999996
24139,1570640400000,0.0,1.8905362660926552e-06
24141,1570647600000,0.0,1.8905362660926552e-06
24142,1570651200000,0.0,1.8905362660926552e-06
24143,1570654800000,0.0,1.8905362660926552e-06
24144,1570658400000,0.0,1.8905362660926552e-06
24145,1570662000000,0.0,1.8905362660926552e-06
24147,1570669200000,0.0,1.8905362660926552e-06
24148,1570672800000,0.0,1.8905362660926552e-06
24149,1570676400000,0.0,1.8905362660926552e-06
24150,1570680000000,0.0,1.8905362660926552e-06
24151,1570683600000,0.0,0.004301767663704868
24153,1570690800000,1.17,0.6019000000000003
24154,1570694400000,1.47,3.5888
24155,1570698000000,2.53,3.3676000000000004
24156,1570701600000,2.56,4.135999999999999
24157,1570705200000,2.74,4.513499999999999
24159,1570712400000,2.69,3.959999999999999
24160,1570716000000,1.81,3.230600000000001
24161,1570719600000,0.87,0.5818999999999999
24162,1570723200000,0.09,0.08669999999999994
24163,1570726800000,0.0,1.8905362660926552e-06
24164,1570730400000,0.0,1.8905362660926552e-06
24165,1570734000000,0.0,1.8905362660926552e-06
24166,1570737600000,0.0,1.8905362660926552e-06
24167,1570741200000,0.0,1.8905362660926552e-06
24168,1570744800000,0.0,1.8905362660926552e-06
24169,1570748400000,0.0,1.8905362660926552e-06
24171,1570755600000,0.0,1.8905362660926552e-06
24172,1570759200000,0.0,1.8905362660926552e-06
24173,1570762800000,0.0,1.8905362660926552e-06
24174,1570766400000,0.0,1.8905362660926552e-06
24175,1570770000000,0.0,0.004301767663704868
24177,1570777200000,0.63,0.6305000000000001
24178,1570780800000,2.09,1.7033
24179,1570784400000,4.17,3.9438000000000004
24180,1570788000000,3.66,5.7621
24181,1570791600000,9.25,4.5280000000000005
24183,1570798800000,4.82,7.284
24184,1570802400000,3.2,3.025300000000001
24185,1570806000000,0.58,1.3503999999999996
24186,1570809600000,0.12,0.0876999999999999
24187,1570813200000,0.0,1.8905362660926552e-06
24189,1570820400000,0.0,1.8905362660926552e-06
24190,1570824000000,0.0,1.8905362660926552e-06
24191,1570827600000,0.0,1.8905362660926552e-06
24192,1570831200000,0.0,1.8905362660926552e-06
24193,1570834800000,0.0,1.8905362660926552e-06
24195,1570842000000,0.0,1.8905362660926552e-06
24196,1570845600000,0.0,1.8905362660926552e-06
24197,1570849200000,0.0,1.8905362660926552e-06
24198,1570852800000,0.0,1.8905362660926552e-06
24202,1570867200000,1.38,1.996599999999998
24203,1570870800000,1.96,3.4265
24204,1570874400000,2.34,3.9754000000000014
24205,1570878000000,3.3,4.267600000000001
24211,1570899600000,0.0,1.8905362660926552e-06
24212,1570903200000,0.0,1.8905362660926552e-06
24213,1570906800000,0.0,1.8905362660926552e-06
24214,1570910400000,0.0,1.8905362660926552e-06
24215,1570914000000,0.0,1.8905362660926552e-06
24216,1570917600000,0.0,1.8905362660926552e-06
24218,1570924800000,0.0,1.8905362660926552e-06
24219,1570928400000,0.0,1.8905362660926552e-06
24220,1570932000000,0.0,1.8905362660926552e-06
24221,1570935600000,0.0,1.8905362660926552e-06
24222,1570939200000,0.0,1.8905362660926552e-06
24223,1570942800000,0.0,0.0042017676637048675
24225,1570950000000,1.83,1.5436000000000005
24226,1570953600000,5.15,4.6989
24227,1570957200000,6.9,6.604
24228,1570960800000,8.82,7.259600000000002
24229,1570964400000,8.0,7.952700000000001
24231,1570971600000,4.12,6.4061
24232,1570975200000,2.76,4.723000000000002
24233,1570978800000,2.18,2.114799999999999
24234,1570982400000,0.29,0.24659999999999996
24235,1570986000000,0.0,0.023000060606060607
24237,1570993200000,0.0,1.8905362660926552e-06
24238,1570996800000,0.0,1.8905362660926552e-06
24239,1571000400000,0.0,1.8905362660926552e-06
24240,1571004000000,0.0,1.8905362660926552e-06
24241,1571007600000,0.0,1.8905362660926552e-06
24243,1571014800000,0.0,1.8905362660926552e-06
24244,1571018400000,0.0,1.8905362660926552e-06
24245,1571022000000,0.0,1.8905362660926552e-06
24246,1571025600000,0.0,1.8905362660926552e-06
24247,1571029200000,0.0,0.0042017676637048675
24248,1571032800000,0.01,0.13069999999999996
24249,1571036400000,0.29,0.44619999999999993
24250,1571040000000,0.33,1.3438999999999992
24251,1571043600000,1.07,1.5168999999999997
24252,1571047200000,3.57,2.2371999999999983
26836,1580515200000,0.0,1.8905362660926552e-06
