date,precipitation_id,output
1577581200000,0.0,0.0
1577584800000,0.0,0.0
1577588400000,0.0,0.0
1577592000000,0.0,0.0
1577595600000,0.0,0.0
1577599200000,0.0,0.0
1577602800000,0.0,0.0
1577606400000,0.0,0.0
1577610000000,0.0,0.0
1577613600000,0.0,0.02
1577617200000,0.0,0.02
1577620800000,0.0,0.08
1577624400000,0.0,0.02
1577628000000,0.0,0.0
1577631600000,0.0,0.0
1577635200000,0.0,0.0
1577638800000,0.0,0.0
1577642400000,0.0,0.0
1577646000000,0.0,0.0
1577649600000,0.0,0.0
1577653200000,0.0,0.0
1577656800000,0.0,0.0
1577660400000,0.0,0.0
1577664000000,0.0,0.0
1577667600000,0.0,0.0
1577671200000,0.0,0.0
1577674800000,0.0,0.0
1577678400000,0.0,0.0
1577682000000,0.0,0.0
1577685600000,0.0,0.0
1577689200000,0.0,0.0
1577692800000,0.0,0.0
1577696400000,0.0,0.01
1577700000000,0.0,0.04
1577703600000,0.0,0.12
1577707200000,0.0,0.29
1577710800000,0.0,0.2
1577714400000,0.0,0.09
1577718000000,0.0,0.0
1577721600000,0.0,0.0
1577725200000,0.0,0.0
1577728800000,0.0,0.0
1577732400000,0.0,0.0
1577736000000,0.0,0.0
1577739600000,0.0,0.0
1577743200000,0.0,0.0
1577746800000,0.0,0.0
1577750400000,0.0,0.0
1577754000000,0.0,0.0
1577757600000,0.0,0.0
1577761200000,0.0,0.0
1577764800000,0.0,0.0
1577768400000,0.0,0.0
1577772000000,0.0,0.0
1577775600000,0.0,0.0
1577779200000,0.0,0.01
1577782800000,0.0,0.37
1577786400000,0.0,1.86
1577790000000,0.0,2.18
1577793600000,0.0,1.66
1577797200000,0.0,0.67
1577800800000,0.0,0.29
1577804400000,0.0,0.01
1577808000000,0.0,0.0
1577811600000,0.0,0.0
1577815200000,0.0,0.0
1577818800000,0.0,0.0
1577822400000,0.0,0.0
1577826000000,0.0,0.0
1577829600000,0.0,0.0
1577833200000,0.0,0.0
1577836800000,0.0,0.0
1577840400000,0.0,0.0
1577844000000,0.0,0.0
1577847600000,0.0,0.0
1577851200000,0.0,0.0
1577854800000,0.0,0.0
1577858400000,0.0,0.0
1577862000000,0.0,0.0
1577865600000,0.0,0.0
1577869200000,0.0,0.05
1577872800000,0.0,0.24
1577876400000,0.0,0.48
1577880000000,0.0,0.36
1577883600000,0.0,0.18
1577887200000,0.0,0.04
1577890800000,0.0,0.01
1577894400000,0.0,0.0
1577898000000,0.0,0.0
1577901600000,0.0,0.0
1577905200000,0.0,0.0
1577908800000,0.0,0.0
1577912400000,0.0,0.0
1577916000000,0.0,0.0
1577919600000,0.0,0.0
1577923200000,0.0,0.0
1577926800000,0.0,0.0
1577930400000,0.0,0.0
1577934000000,0.0,0.0
1577937600000,0.0,0.0
1577941200000,0.0,0.0
1577944800000,0.0,0.0
1577948400000,0.0,0.0
1577952000000,0.0,0.0
1577955600000,0.0,0.13
1577959200000,0.0,0.49
1577962800000,0.0,0.92
1577966400000,0.0,0.97
1577970000000,0.0,0.32
1577973600000,0.0,0.08
1577977200000,0.0,0.0
1577980800000,0.0,0.0
1577984400000,0.0,0.0
1577988000000,0.0,0.0
1577991600000,0.0,0.0
1577995200000,0.0,0.0
1577998800000,0.0,0.0
1578002400000,0.0,0.0
1578006000000,0.0,0.0
1578009600000,0.0,0.0
1578013200000,0.0,0.0
1578016800000,0.0,0.0
1578020400000,0.0,0.0
1578024000000,0.0,0.0
1578027600000,0.0,0.0
1578031200000,0.0,0.0
1578034800000,0.0,0.0
1578038400000,0.0,0.0
1578042000000,0.0,0.07
1578045600000,0.0,0.12
1578049200000,0.1,0.13
1578052800000,0.2,0.51
1578056400000,0.0,0.76
1578060000000,0.0,0.3
1578063600000,0.0,0.01
1578067200000,0.0,0.0
1578070800000,0.0,0.0
1578074400000,0.0,0.0
1578078000000,0.0,0.0
1578081600000,0.0,0.0
1578085200000,0.0,0.0
1578088800000,0.0,0.0
1578092400000,0.0,0.0
1578096000000,0.0,0.0
1578099600000,0.0,0.0
1578103200000,0.0,0.0
1578106800000,0.0,0.0
1578110400000,0.0,0.0
1578114000000,0.0,0.0
1578117600000,0.0,0.0
1578121200000,0.0,0.0
1578124800000,0.0,0.01
1578128400000,0.0,0.46
1578132000000,0.0,1.88
1578135600000,0.0,2.51
1578139200000,0.0,2.14
1578142800000,0.0,0.55
1578146400000,0.0,0.21
1578150000000,0.0,0.02
1578153600000,0.0,0.0
1578157200000,0.0,0.0
1578160800000,0.0,0.0
1578164400000,0.0,0.0
1578168000000,0.0,0.0
1578171600000,0.0,0.0
1578175200000,0.0,0.0
1578178800000,0.0,0.0
1578182400000,0.0,0.0
1578186000000,0.0,0.0
1578189600000,0.0,0.0
1578193200000,0.0,0.0
1578196800000,0.0,0.0
1578200400000,0.0,0.0
1578204000000,0.0,0.0
1578207600000,0.0,0.0
1578211200000,0.0,0.01
1578214800000,0.0,0.4
1578218400000,0.0,0.84
1578222000000,0.0,0.79
1578225600000,0.0,0.65
1578229200000,0.0,0.41
1578232800000,0.0,0.06
1578236400000,0.4,0.0
1578240000000,0.5,0.0
1578243600000,0.7,0.0
1578247200000,0.8,0.0
1578250800000,0.3,0.0
1578254400000,0.0,0.0
1578261600000,0.2,0.0
1578265200000,0.1,0.0
1578268800000,0.0,0.0
1578272400000,0.0,0.0
1578276000000,0.0,0.0
1578279600000,0.0,0.0
1578283200000,0.0,0.0
1578286800000,0.0,0.0
1578290400000,0.0,0.0
1578294000000,0.0,0.0
1578297600000,0.0,0.0
1578301200000,0.0,0.04
1578304800000,0.0,0.18
1578308400000,0.0,0.21
1578312000000,0.0,0.18
1578315600000,0.0,0.13
1578319200000,0.0,0.04
1578322800000,0.0,0.0
1578326400000,0.0,0.0
1578330000000,0.0,0.0
1578333600000,0.0,0.0
1578337200000,0.0,0.0
1578340800000,0.0,0.0
1578344400000,0.0,0.0
1578348000000,0.0,0.0
1578351600000,0.0,0.0
1578355200000,0.0,0.0
1578358800000,0.0,0.0
1578362400000,0.0,0.0
1578366000000,0.0,0.0
1578369600000,0.0,0.0
1578373200000,0.0,0.0
1578376800000,0.0,0.0
1578380400000,0.0,0.0
1578384000000,0.0,0.0
1578387600000,0.0,0.02
1578391200000,0.0,0.15
1578394800000,0.0,0.25
1578398400000,0.0,0.3
1578402000000,0.0,0.18
1578405600000,0.0,0.02
1578409200000,0.0,0.0
1578412800000,0.0,0.0
1578416400000,0.0,0.0
1578420000000,0.0,0.0
1578423600000,0.0,0.0
1578427200000,0.0,0.0
1578430800000,0.0,0.0
1578434400000,0.0,0.0
1578438000000,0.0,0.0
1578441600000,0.0,0.0
1578445200000,0.0,0.0
1578448800000,0.0,0.0
1578452400000,0.0,0.0
1578456000000,0.0,0.0
1578459600000,0.0,0.0
1578463200000,0.0,0.0
1578466800000,0.0,0.0
1578470400000,0.0,0.0
1578474000000,0.0,0.05
1578477600000,0.0,0.28
1578481200000,0.0,0.61
1578484800000,0.0,1.28
1578488400000,0.0,0.69
1578492000000,0.0,0.14
1578495600000,0.0,0.01
1578499200000,0.0,0.0
1578502800000,0.0,0.0
1578506400000,0.0,0.0
1578510000000,0.0,0.0
1578513600000,0.0,0.0
1578517200000,0.0,0.0
1578520800000,0.0,0.0
1578524400000,0.0,0.0
1578528000000,0.0,0.0
1578531600000,0.0,0.0
1578535200000,0.0,0.0
1578538800000,0.0,0.0
1578542400000,0.0,0.0
1578546000000,0.0,0.0
1578549600000,0.0,0.0
1578553200000,0.0,0.0
1578556800000,0.0,0.0
1578560400000,0.0,0.13
1578564000000,0.0,0.41
1578567600000,0.0,0.57
1578571200000,0.0,0.48
1578574800000,0.0,0.32
1578578400000,0.0,0.09
1578582000000,0.0,0.0
1578585600000,0.0,0.0
1578589200000,0.0,0.0
1578592800000,0.0,0.0
1578596400000,0.0,0.0
1578600000000,0.0,0.0
1578603600000,0.0,0.0
1578607200000,0.1,0.0
1578610800000,0.1,0.0
1578614400000,0.1,0.0
1578618000000,0.3,0.0
1578621600000,0.2,0.0
1578625200000,0.8,0.0
1578628800000,0.4,0.0
1578632400000,0.1,0.0
1578636000000,0.0,0.0
1578639600000,0.0,0.0
1578643200000,0.0,0.01
1578646800000,0.0,0.08
1578650400000,0.0,0.43
1578654000000,0.0,0.5
1578657600000,0.0,0.67
1578661200000,0.0,0.5
1578664800000,0.0,0.28
1578668400000,0.0,0.02
1578672000000,0.0,0.0
1578675600000,0.0,0.0
1578679200000,0.0,0.0
1578682800000,0.0,0.0
1578686400000,0.0,0.0
1578690000000,0.0,0.0
1578693600000,0.0,0.0
1578697200000,0.0,0.0
1578700800000,0.0,0.0
1578704400000,0.0,0.0
1578708000000,0.0,0.0
1578711600000,0.0,0.0
1578715200000,0.0,0.0
1578718800000,0.0,0.0
1578722400000,0.0,0.0
1578726000000,0.0,0.0
1578729600000,0.0,0.0
1578733200000,0.0,0.01
1578736800000,0.0,0.09
1578740400000,0.0,0.18
1578744000000,0.0,0.23
1578747600000,0.0,0.14
1578751200000,0.0,0.01
1578754800000,0.2,0.0
1578758400000,0.0,0.0
1578762000000,0.0,0.0
1578765600000,0.0,0.0
1578769200000,0.0,0.0
1578772800000,0.0,0.0
1578776400000,0.0,0.0
1578780000000,0.0,0.0
1578783600000,0.0,0.0
1578787200000,0.0,0.0
1578790800000,0.1,0.0
1578794400000,0.1,0.0
1578798000000,0.2,0.0
1578801600000,0.2,0.0
1578805200000,0.0,0.0
1578808800000,0.0,0.0
1578812400000,0.0,0.0
1578816000000,0.0,0.0
1578819600000,0.0,0.09
1578823200000,0.0,1.43
1578826800000,0.0,1.48
1578830400000,0.0,1.3
1578834000000,0.0,0.77
1578837600000,0.0,0.45
1578841200000,0.0,0.03
1578844800000,0.0,0.0
1578848400000,0.0,0.0
1578852000000,0.0,0.0
1578855600000,0.0,0.0
1578859200000,0.0,0.0
1578862800000,0.0,0.0
1578866400000,0.0,0.0
1578870000000,0.0,0.0
1578873600000,0.0,0.0
1578877200000,0.0,0.0
1578880800000,0.0,0.0
1578884400000,0.0,0.0
1578888000000,0.0,0.0
1578891600000,0.0,0.0
1578895200000,0.0,0.0
1578898800000,0.0,0.0
1578902400000,0.0,0.01
1578906000000,0.0,0.35
1578909600000,0.0,0.69
1578913200000,0.0,0.83
1578916800000,0.0,0.92
1578920400000,0.0,0.56
1578924000000,0.0,0.29
1578927600000,0.0,0.04
1578931200000,0.0,0.0
1578934800000,0.0,0.0
1578938400000,0.0,0.0
1578942000000,0.0,0.0
1578945600000,0.0,0.0
1578949200000,0.0,0.0
1578952800000,0.0,0.0
1578956400000,0.0,0.0
1578960000000,0.0,0.0
1578963600000,0.0,0.0
1578967200000,0.0,0.0
1578970800000,0.0,0.0
1578974400000,0.0,0.0
1578978000000,0.0,0.0
1578981600000,0.0,0.0
1578985200000,0.0,0.0
1578988800000,0.0,0.0
1578992400000,0.0,0.02
1578996000000,0.0,0.07
1578999600000,0.5,0.09
1579003200000,0.6,0.13
1579006800000,0.2,0.18
1579010400000,0.1,0.02
1579014000000,0.0,0.01
1579017600000,0.0,0.0
1579021200000,0.0,0.0
1579024800000,0.0,0.0
1579028400000,0.0,0.0
1579032000000,0.0,0.0
1579035600000,0.0,0.0
1579039200000,0.0,0.0
1579042800000,0.0,0.0
1579046400000,0.0,0.0
1579050000000,0.4,0.0
1579053600000,0.8,0.0
1579057200000,0.1,0.0
1579060800000,0.0,0.0
1579064400000,0.0,0.0
1579068000000,0.0,0.0
1579071600000,0.0,0.0
1579075200000,0.0,0.0
1579078800000,0.0,0.01
1579082400000,0.0,0.17
1579086000000,0.0,0.57
1579089600000,0.0,0.22
1579093200000,0.0,0.23
1579096800000,0.0,0.26
1579100400000,0.0,0.05
1579104000000,0.0,0.0
1579107600000,0.0,0.0
1579111200000,0.0,0.0
1579114800000,0.0,0.0
1579118400000,0.0,0.0
1579122000000,0.0,0.0
1579125600000,0.0,0.0
1579129200000,0.0,0.0
1579132800000,0.0,0.0
1579136400000,0.0,0.0
1579140000000,0.0,0.0
1579143600000,0.0,0.0
1579147200000,0.0,0.0
1579150800000,0.0,0.0
1579154400000,0.0,0.0
1579158000000,0.0,0.0
1579161600000,0.0,0.0
1579165200000,0.0,0.03
1579168800000,0.0,0.27
1579172400000,0.0,0.7
1579176000000,0.0,0.83
1579179600000,0.0,0.91
1579183200000,0.0,0.47
1579186800000,0.0,0.05
1579190400000,0.0,0.0
1579194000000,0.0,0.0
1579197600000,0.0,0.0
1579201200000,0.0,0.0
1579204800000,0.0,0.0
1579208400000,0.0,0.0
1579212000000,0.0,0.0
1579215600000,0.0,0.0
1579219200000,0.0,0.0
1579222800000,0.0,0.0
1579226400000,0.0,0.0
1579230000000,0.0,0.0
1579233600000,0.0,0.0
1579237200000,0.0,0.0
1579240800000,0.0,0.0
1579244400000,0.0,0.0
1579248000000,0.0,0.0
1579251600000,0.0,0.13
1579255200000,0.0,0.42
1579258800000,0.0,1.51
1579262400000,0.0,2.04
1579266000000,0.0,1.07
1579269600000,0.0,0.41
1579273200000,0.0,0.05
1579276800000,0.0,0.0
1579280400000,0.0,0.0
1579284000000,0.0,0.0
1579287600000,0.0,0.0
1579291200000,0.0,0.0
1579294800000,0.0,0.0
1579298400000,0.0,0.0
1579302000000,0.0,0.0
1579305600000,0.0,0.0
1579309200000,0.0,0.0
1579312800000,0.0,0.0
1579316400000,0.0,0.0
1579320000000,0.0,0.0
1579323600000,0.3,0.0
1579327200000,0.1,0.0
1579330800000,0.1,0.0
1579334400000,0.0,0.0
1579338000000,0.0,0.05
1579341600000,0.0,0.4
1579345200000,0.0,0.48
1579348800000,0.0,1.26
1579352400000,0.0,0.37
1579356000000,0.0,0.25
1579359600000,0.0,0.06
1579363200000,0.0,0.0
1579366800000,0.0,0.0
1579370400000,0.0,0.0
1579374000000,0.0,0.0
1579377600000,0.0,0.0
1579381200000,0.0,0.0
1579384800000,0.0,0.0
1579388400000,0.0,0.0
1579392000000,0.0,0.0
1579395600000,0.0,0.0
1579399200000,0.0,0.0
1579402800000,0.0,0.0
1579406400000,0.0,0.0
1579410000000,0.0,0.0
1579413600000,0.0,0.0
1579417200000,0.0,0.0
1579420800000,0.0,0.05
1579424400000,0.0,0.57
1579428000000,0.0,2.62
1579431600000,0.0,3.13
1579435200000,0.0,3.68
1579438800000,0.0,2.01
1579442400000,0.0,0.83
1579446000000,0.0,0.21
1579449600000,0.0,0.0
1579453200000,0.0,0.0
1579456800000,0.0,0.0
1579460400000,0.0,0.0
1579464000000,0.0,0.0
1579467600000,0.0,0.0
1579471200000,0.0,0.0
1579474800000,0.0,0.0
1579478400000,0.0,0.0
1579482000000,0.0,0.0
1579485600000,0.0,0.0
1579489200000,0.0,0.0
1579492800000,0.0,0.0
1579496400000,0.0,0.0
1579500000000,0.0,0.0
1579503600000,0.0,0.0
1579507200000,0.0,0.02
1579510800000,0.0,0.45
1579514400000,0.0,1.47
1579518000000,0.0,1.02
1579521600000,0.0,2.15
1579525200000,0.0,1.42
1579528800000,0.0,0.68
1579532400000,0.0,0.1
1579536000000,0.0,0.0
1579539600000,0.0,0.0
1579543200000,0.0,0.0
1579546800000,0.0,0.0
1579550400000,0.0,0.0
1579554000000,0.0,0.0
1579557600000,0.0,0.0
1579561200000,0.0,0.0
1579564800000,0.0,0.0
1579568400000,0.0,0.0
1579572000000,0.0,0.0
1579575600000,0.0,0.0
1579579200000,0.0,0.0
1579582800000,0.0,0.0
1579586400000,0.0,0.0
1579590000000,0.0,0.0
1579593600000,0.0,0.01
1579597200000,0.0,0.24
1579600800000,0.0,2.49
1579604400000,0.0,3.19
1579608000000,0.0,3.21
1579611600000,0.0,1.16
1579615200000,0.0,0.36
1579618800000,0.0,0.06
1579622400000,0.0,0.0
1579626000000,0.0,0.0
1579629600000,0.0,0.0
1579633200000,0.0,0.0
1579636800000,0.0,0.0
1579640400000,0.0,0.0
1579644000000,0.0,0.0
1579647600000,0.0,0.0
1579651200000,0.0,0.0
1579654800000,0.0,0.0
1579658400000,0.0,0.0
1579662000000,0.0,0.0
1579665600000,0.0,0.0
1579669200000,0.0,0.0
1579672800000,0.0,0.0
1579676400000,0.0,0.0
1579680000000,0.0,0.07
1579683600000,0.0,0.6
1579687200000,0.0,2.69
1579690800000,0.0,3.55
1579694400000,0.0,4.0
1579698000000,0.0,2.56
1579701600000,0.0,0.9
1579705200000,0.0,0.28
1579708800000,0.0,0.0
1579712400000,0.0,0.0
1579716000000,0.0,0.0
1579719600000,0.0,0.0
1579723200000,0.0,0.0
1579726800000,0.0,0.0
1579730400000,0.0,0.0
1579734000000,0.0,0.0
1579737600000,0.0,0.0
1579741200000,0.0,0.0
1579744800000,0.0,0.0
1579748400000,0.0,0.0
1579752000000,0.0,0.0
1579755600000,0.0,0.0
1579759200000,0.0,0.0
1579762800000,0.0,0.0
1579766400000,0.0,0.11
1579770000000,0.0,0.48
1579773600000,0.0,1.1
1579777200000,0.0,2.9
1579780800000,0.0,2.2
1579784400000,0.0,0.44
1579788000000,0.0,0.41
1579791600000,0.0,0.12
1579795200000,0.0,0.0
1579798800000,0.0,0.0
1579802400000,0.0,0.0
1579806000000,0.0,0.0
1579809600000,0.0,0.0
1579813200000,0.0,0.0
1579816800000,0.0,0.0
1579820400000,0.0,0.0
1579824000000,0.0,0.0
1579827600000,0.0,0.0
1579831200000,0.0,0.0
1579834800000,0.0,0.0
1579838400000,0.0,0.0
1579842000000,0.0,0.0
1579845600000,0.0,0.0
1579849200000,0.0,0.0
1579852800000,0.0,0.02
1579856400000,0.0,0.32
1579860000000,0.0,0.82
1579863600000,0.0,1.92
1579867200000,0.0,2.9
1579870800000,0.0,2.69
1579874400000,0.0,1.02
1579878000000,0.0,0.34
1579881600000,0.0,0.0
1579885200000,0.0,0.0
1579888800000,0.0,0.0
1579892400000,0.0,0.0
1579896000000,0.0,0.0
1579899600000,0.0,0.0
1579903200000,0.0,0.0
1579906800000,0.0,0.0
1579910400000,0.0,0.0
1579914000000,0.0,0.0
1579917600000,0.0,0.0
1579921200000,0.0,0.0
1579924800000,0.0,0.0
1579928400000,0.0,0.0
1579932000000,0.0,0.0
1579935600000,0.0,0.0
1579939200000,0.0,0.12
1579942800000,0.0,0.84
1579946400000,0.0,2.06
1579950000000,0.0,2.23
1579953600000,0.0,2.19
1579957200000,0.0,1.78
1579960800000,0.0,1.04
1579964400000,0.0,0.25
1579968000000,0.0,0.0
1579971600000,0.0,0.0
1579975200000,0.0,0.0
1579978800000,0.0,0.0
1579982400000,0.0,0.0
1579986000000,0.0,0.0
1579989600000,0.0,0.0
1579993200000,0.0,0.0
1579996800000,0.0,0.0
1580000400000,0.0,0.0
1580004000000,0.0,0.0
1580007600000,0.0,0.0
1580011200000,0.0,0.0
1580014800000,0.0,0.0
1580018400000,0.0,0.0
1580022000000,0.0,0.0
1580025600000,0.0,0.0
1580029200000,0.0,0.08
1580032800000,0.0,0.19
1580036400000,0.0,0.24
1580040000000,0.0,0.31
1580043600000,0.0,0.18
1580047200000,0.0,0.13
1580050800000,0.0,0.01
1580054400000,0.0,0.0
1580058000000,0.0,0.0
1580061600000,0.0,0.0
1580065200000,0.0,0.0
1580068800000,0.0,0.0
1580072400000,0.0,0.0
1580076000000,0.0,0.0
1580079600000,0.0,0.0
1580083200000,0.0,0.0
1580086800000,0.0,0.0
1580090400000,0.0,0.0
1580094000000,0.0,0.0
1580097600000,0.0,0.0
1580101200000,0.0,0.0
1580104800000,0.0,0.0
1580108400000,0.0,0.0
1580112000000,0.0,0.01
1580115600000,0.0,0.07
1580119200000,0.0,0.17
1580122800000,0.0,0.33
1580126400000,0.0,0.69
1580130000000,0.0,0.34
1580133600000,0.0,0.16
1580137200000,0.0,0.04
1580140800000,0.0,0.0
1580144400000,0.0,0.0
1580148000000,0.4,0.0
1580151600000,0.5,0.0
1580155200000,0.1,0.0
1580158800000,0.0,0.0
1580162400000,0.0,0.0
1580166000000,0.0,0.0
1580169600000,0.0,0.0
1580173200000,0.0,0.0
1580176800000,0.0,0.0
1580180400000,0.0,0.0
1580184000000,0.0,0.0
1580187600000,0.0,0.0
1580191200000,0.0,0.0
1580194800000,0.0,0.0
1580198400000,0.0,0.04
1580202000000,0.0,0.16
1580205600000,0.0,0.22
1580209200000,0.0,0.2
1580212800000,0.2,0.13
1580216400000,1.6,0.08
1580220000000,1.1,0.1
1580223600000,0.4,0.0
1580227200000,1.1,0.0
1580230800000,1.2,0.0
1580234400000,0.6,0.0
1580238000000,0.6,0.0
1580241600000,0.6,0.0
1580245200000,0.4,0.0
1580248800000,0.1,0.0
1580252400000,0.5,0.0
1580256000000,0.6,0.0
1580259600000,0.4,0.0
1580263200000,0.2,0.0
1580266800000,0.0,0.0
1580270400000,0.0,0.0
1580274000000,0.0,0.0
1580277600000,0.0,0.0
1580281200000,0.0,0.0
1580284800000,0.0,0.01
1580288400000,0.0,0.08
1580292000000,0.0,0.36
1580295600000,0.0,0.44
1580299200000,0.0,0.3
1580302800000,0.0,0.33
1580306400000,0.0,0.13
1580310000000,0.0,0.03
1580317200000,0.0,0.0
1580320800000,0.1,0.0
1580324400000,0.2,0.0
1580328000000,0.1,0.0
1580331600000,0.1,0.0
1580335200000,0.2,0.0
1580338800000,0.0,0.0
1580342400000,0.0,0.0
1580349600000,0.0,0.0
1580353200000,0.0,0.0
1580356800000,0.2,0.0
1580360400000,0.0,0.0
1580364000000,0.0,0.0
1580367600000,0.0,0.0
1580371200000,0.0,0.02
1580374800000,0.1,0.19
1580378400000,0.0,0.69
1580382000000,0.0,1.48
1580385600000,0.0,2.48
1580389200000,0.0,1.01
1580392800000,0.0,0.96
1580396400000,0.0,0.14
1580400000000,0.0,0.0
1580403600000,0.0,0.0
1580407200000,0.0,0.0
1580410800000,0.0,0.0
1580414400000,0.0,0.0
1580418000000,0.0,0.0
1580421600000,0.0,0.0
1580425200000,0.0,0.0
1580428800000,0.0,0.0
1580432400000,0.0,0.0
1580436000000,0.0,0.0
1580439600000,0.0,0.0
1580443200000,0.0,0.0
1580446800000,0.0,0.0
1580450400000,0.0,0.0
1580454000000,0.0,0.0
1580457600000,0.0,0.04
1580461200000,0.0,0.3
1580464800000,0.0,0.51
1580468400000,0.0,0.6
1580472000000,0.0,0.55
1580475600000,0.0,0.37
1580479200000,0.0,0.28
1580482800000,0.0,0.06
1580486400000,0.0,0.0
1580490000000,0.0,0.0
1580493600000,0.0,0.0
1580497200000,0.0,0.0
1580500800000,0.0,0.0
1580504400000,0.0,0.0
1580508000000,0.0,0.0
1580511600000,0.0,0.0
1580515200000,0.0,0.0
1580518800000,0.0,0.0
1580522400000,0.0,0.0
1580526000000,0.0,0.0
1580529600000,0.1,0.0
1580533200000,0.4,0.0
1580536800000,0.2,0.0
1580540400000,0.0,0.0
1580544000000,0.0,0.03
1580547600000,0.0,0.13
1580551200000,0.2,0.36
1580554800000,0.0,0.86
1580558400000,0.0,1.24
1580562000000,0.0,2.23
1580565600000,0.0,0.65
1580569200000,0.0,0.2
1580572800000,0.0,0.01
1580576400000,0.0,0.0
1580580000000,0.0,0.0
1580583600000,0.0,0.0
1580587200000,0.0,0.0
1580590800000,0.0,0.0
1580594400000,0.0,0.0
1580598000000,0.0,0.0
1580601600000,0.0,0.0
1580605200000,0.0,0.0
1580608800000,0.0,0.0
1580612400000,0.0,0.0
1580616000000,0.0,0.0
1580619600000,0.3,0.0
1580623200000,0.1,0.0
1580626800000,0.0,0.0
1580630400000,0.0,0.18
1580634000000,0.0,1.07
1580637600000,0.0,3.55
1580641200000,0.0,5.04
1580644800000,0.0,5.31
1580648400000,0.0,3.6
1580652000000,0.0,1.7
1580655600000,0.0,0.81
1580659200000,0.0,0.02
1580662800000,0.0,0.0
1580666400000,0.0,0.0
1580670000000,0.0,0.0
1580673600000,0.0,0.0
1580677200000,0.0,0.0
1580680800000,0.0,0.0
1580684400000,0.0,0.0
1580688000000,0.0,0.0
1580691600000,0.0,0.0
1580695200000,0.0,0.0
1580698800000,0.0,0.0
1580702400000,0.0,0.0
1580706000000,0.0,0.0
1580709600000,0.0,0.0
1580713200000,0.0,0.0
1580716800000,0.0,0.22
1580720400000,0.0,0.86
1580724000000,0.0,3.8
1580727600000,0.0,5.1
1580731200000,0.0,4.98
1580734800000,0.0,3.35
1580738400000,0.0,1.5
1580742000000,0.0,0.32
1580745600000,0.0,0.01
1580749200000,0.0,0.0
1580752800000,0.0,0.0
1580756400000,0.0,0.0
1580760000000,0.0,0.0
1580763600000,0.0,0.0
1580767200000,0.0,0.0
1580770800000,0.0,0.0
1580774400000,0.0,0.0
1580778000000,0.0,0.0
1580781600000,0.0,0.0
1580785200000,0.0,0.0
1580788800000,0.0,0.0
1580792400000,0.0,0.0
1580796000000,0.0,0.0
1580799600000,0.0,0.0
1580803200000,0.0,0.06
1580806800000,0.0,0.68
1580810400000,0.0,0.98
1580814000000,0.0,1.37
1580817600000,0.0,1.69
1580821200000,0.0,0.64
1580824800000,0.0,0.32
1580828400000,0.0,0.11
1580832000000,0.0,0.0
1580835600000,0.0,0.0
1580839200000,0.0,0.0
1580842800000,0.1,0.0
1580846400000,0.0,0.0
1580850000000,0.0,0.0
1580853600000,0.0,0.0
1580857200000,0.0,0.0
1580860800000,0.0,0.0
1580864400000,0.0,0.0
1580868000000,0.0,0.0
1580871600000,0.0,0.0
1580875200000,0.0,0.0
1580878800000,0.0,0.0
1580882400000,0.0,0.0
1580886000000,0.0,0.0
1580889600000,0.0,0.12
1580893200000,0.0,0.39
1580896800000,0.0,1.34
1580900400000,0.0,4.82
1580904000000,0.0,5.42
1580907600000,0.0,3.39
1580911200000,0.0,1.66
1580914800000,0.0,0.23
1580918400000,0.0,0.0
1580922000000,0.0,0.0
1580925600000,0.0,0.0
1580929200000,0.0,0.0
1580932800000,0.0,0.0
1580936400000,0.0,0.0
1580940000000,0.0,0.0
1580943600000,0.0,0.0
1580947200000,0.0,0.0
1580950800000,0.0,0.0
1580954400000,0.0,0.0
1580958000000,0.0,0.0
1580961600000,0.0,0.0
1580965200000,0.0,0.0
1580968800000,0.0,0.0
1580972400000,0.0,0.0
1580976000000,0.0,0.2
1580979600000,0.0,0.6
1580983200000,0.0,2.31
1580986800000,0.0,2.62
1580990400000,0.0,2.05
1580994000000,0.0,1.53
1580997600000,0.0,2.0
1581001200000,0.0,0.21
1581004800000,0.0,0.01
1581008400000,0.0,0.0
1581012000000,0.0,0.0
1581015600000,0.0,0.0
1581019200000,0.0,0.0
1581022800000,0.0,0.0
1581026400000,0.0,0.0
1581030000000,0.0,0.0
1581033600000,0.0,0.0
1581037200000,0.0,0.0
1581040800000,0.0,0.0
1581044400000,0.0,0.0
1581048000000,0.0,0.0
1581051600000,0.0,0.0
1581055200000,0.0,0.0
1581058800000,0.0,0.0
1581062400000,0.0,0.21
1581066000000,0.0,0.94
1581069600000,0.0,0.52
1581073200000,0.0,0.56
1581076800000,0.0,0.51
1581080400000,0.0,0.52
1581084000000,0.0,0.38
1581087600000,0.0,0.16
1581091200000,0.0,0.0
1581094800000,0.0,0.0
1581098400000,0.0,0.0
1581102000000,0.0,0.0
1581105600000,0.0,0.0
1581109200000,0.0,0.0
1581112800000,0.0,0.0
1581116400000,0.0,0.0
1581120000000,0.0,0.0
1581123600000,0.0,0.0
1581127200000,0.0,0.0
1581130800000,0.0,0.0
1581134400000,0.0,0.0
1581138000000,0.0,0.0
1581141600000,0.0,0.0
1581145200000,0.0,0.0
1581148800000,0.0,0.04
1581152400000,0.0,0.19
1581156000000,0.0,0.33
1581159600000,0.0,0.36
1581163200000,0.0,0.35
1581166800000,0.0,0.33
1581170400000,0.0,0.27
1581174000000,0.0,0.08
1581177600000,0.0,0.0
1581181200000,0.0,0.0
1581184800000,0.0,0.0
1581188400000,0.0,0.0
1581192000000,0.0,0.0
1581195600000,0.0,0.0
1581199200000,0.0,0.0
1581202800000,0.0,0.0
1581206400000,0.0,0.0
1581210000000,0.0,0.0
1581213600000,0.0,0.0
1581217200000,0.3,0.0
1581220800000,0.0,0.0
1581224400000,0.0,0.0
1581228000000,0.0,0.0
1581231600000,0.0,0.0
1581235200000,0.0,0.3
1581238800000,0.0,0.7
1581242400000,0.0,1.0
1581246000000,0.0,0.51
1581249600000,0.0,0.54
1581253200000,0.0,0.17
1581260400000,0.0,0.05
1581264000000,0.7,0.0
1581267600000,1.8,0.0
1581271200000,0.5,0.0
1581274800000,0.1,0.0
1581278400000,0.4,0.0
1581282000000,0.0,0.0
1581285600000,0.0,0.0
1581289200000,0.0,0.0
1581292800000,0.0,0.0
1581296400000,0.2,0.0
1581300000000,0.1,0.0
1581303600000,0.0,0.0
1581307200000,0.5,0.0
1581310800000,0.0,0.0
1581314400000,0.1,0.0
1581318000000,0.0,0.0
1581321600000,0.0,0.07
1581325200000,0.0,0.32
1581328800000,0.0,0.45
1581332400000,0.0,0.95
1581336000000,0.0,1.19
1581339600000,0.0,0.9
1581343200000,0.0,0.59
1581346800000,0.0,0.06
1581350400000,1.9,0.0
1581354000000,0.7,0.0
1581357600000,0.0,0.0
1581361200000,0.0,0.0
1581364800000,0.0,0.0
1581368400000,0.0,0.0
1581372000000,0.0,0.0
1581375600000,0.0,0.0
1581379200000,0.0,0.0
1581382800000,0.0,0.0
1581386400000,0.0,0.0
1581390000000,0.0,0.0
1581393600000,0.0,0.0
1581397200000,0.0,0.0
1581400800000,0.0,0.0
1581404400000,0.0,0.01
1581408000000,0.0,0.41
1581411600000,0.0,0.74
1581415200000,0.0,0.49
1581418800000,0.0,0.46
1581422400000,0.0,0.74
1581426000000,0.0,1.4
1581429600000,0.0,0.67
1581433200000,0.0,0.34
1581436800000,0.0,0.16
1581440400000,0.0,0.0
1581444000000,0.0,0.0
1581447600000,0.0,0.0
1581451200000,0.0,0.0
1581454800000,0.0,0.0
1581458400000,0.0,0.0
1581462000000,0.0,0.0
1581465600000,0.0,0.0
1581469200000,0.0,0.0
1581472800000,0.0,0.0
1581476400000,0.0,0.0
1581480000000,0.0,0.0
1581483600000,0.0,0.0
1581487200000,0.0,0.0
1581490800000,0.0,0.0
1581494400000,0.2,0.15
1581498000000,0.1,0.31
1581501600000,0.2,1.39
1581505200000,0.0,1.12
1581508800000,0.0,3.08
1581512400000,0.2,0.51
1581516000000,0.0,0.41
1581519600000,0.0,0.68
1581523200000,0.0,0.06
1581526800000,0.0,0.0
1581530400000,0.0,0.0
1581534000000,0.0,0.0
1581537600000,0.0,0.0
1581541200000,0.0,0.0
1581544800000,0.0,0.0
1581548400000,0.0,0.0
1581552000000,0.0,0.0
1581555600000,0.0,0.0
1581559200000,0.0,0.0
1581562800000,0.0,0.0
1581566400000,0.0,0.0
1581570000000,0.0,0.0
1581573600000,0.0,0.0
1581577200000,0.0,0.02
1581580800000,0.0,0.37
1581584400000,0.0,1.31
1581588000000,0.0,4.37
1581591600000,0.0,5.71
1581595200000,0.0,6.11
1581598800000,0.0,4.88
1581602400000,0.0,3.87
1581606000000,0.0,2.09
1581609600000,0.0,0.28
1581613200000,0.0,0.0
1581616800000,0.0,0.0
1581620400000,0.0,0.0
1581624000000,0.0,0.0
1581627600000,0.0,0.0
1581631200000,0.0,0.0
1581634800000,0.0,0.0
1581638400000,0.0,0.0
1581642000000,0.0,0.0
1581645600000,0.0,0.0
1581649200000,0.0,0.0
1581652800000,0.0,0.0
1581656400000,0.0,0.0
1581660000000,0.0,0.0
1581663600000,0.0,0.01
1581667200000,0.0,0.28
1581670800000,0.0,0.85
1581674400000,0.0,3.58
1581678000000,0.0,4.67
1581681600000,0.0,1.58
1581685200000,0.0,1.84
1581688800000,0.0,1.19
1581692400000,0.0,0.4
1581696000000,0.0,0.03
1581699600000,0.0,0.0
1581703200000,0.0,0.0
1581706800000,0.0,0.0
1581710400000,0.0,0.0
1581714000000,0.0,0.0
1581717600000,0.0,0.0
1581721200000,0.0,0.0
1581724800000,0.0,0.0
1581728400000,0.0,0.0
1581732000000,0.0,0.0
1581735600000,0.0,0.0
1581739200000,0.0,0.0
1581742800000,0.0,0.0
1581746400000,0.0,0.0
1581750000000,0.0,0.0
1581753600000,0.0,0.02
1581757200000,0.0,0.11
1581760800000,0.0,0.38
1581764400000,0.0,1.24
1581768000000,0.0,0.82
1581771600000,0.0,0.48
1581775200000,0.0,1.09
1581778800000,0.0,0.37
1581782400000,0.0,0.13
1581786000000,0.0,0.0
1581789600000,0.0,0.0
1581793200000,0.0,0.0
1581796800000,0.0,0.0
1581800400000,0.2,0.0
1581804000000,0.7,0.0
1581807600000,1.2,0.0
1581811200000,0.0,0.0
1581814800000,0.2,0.0
1581818400000,0.7,0.0
1581822000000,0.4,0.0
1581825600000,0.2,0.0
1581829200000,0.2,0.0
1581832800000,0.0,0.0
1581836400000,0.0,0.0
1581840000000,0.0,0.1
1581843600000,0.0,0.24
1581847200000,0.1,0.47
1581850800000,0.6,0.3
1581854400000,0.1,0.29
1581858000000,0.0,0.24
1581861600000,0.0,0.29
1581865200000,0.0,0.25
1581868800000,0.0,0.03
1581872400000,0.0,0.0
1581876000000,0.0,0.0
1581879600000,0.0,0.0
1581883200000,0.0,0.0
1581886800000,0.0,0.0
1581890400000,0.0,0.0
1581894000000,0.1,0.0
1581897600000,0.0,0.0
1581901200000,0.0,0.0
1581904800000,0.0,0.0
1581908400000,0.0,0.0
1581912000000,0.0,0.0
1581915600000,0.0,0.0
1581919200000,0.0,0.0
1581922800000,0.0,0.07
1581926400000,0.0,0.51
1581930000000,0.0,0.94
1581933600000,0.0,3.56
1581937200000,0.0,1.62
1581940800000,0.0,1.61
1581944400000,0.0,1.13
1581948000000,0.0,0.38
1581951600000,0.1,0.43
1581955200000,0.0,0.03
1581958800000,0.1,0.0
1581962400000,0.0,0.0
1581966000000,0.0,0.0
1581969600000,0.0,0.0
1581973200000,0.0,0.0
1581976800000,0.0,0.0
1581980400000,0.0,0.0
1581984000000,0.0,0.0
1581987600000,0.0,0.0
1581991200000,0.0,0.0
1581994800000,0.0,0.0
1581998400000,0.0,0.0
1582002000000,0.0,0.0
1582005600000,0.0,0.0
1582009200000,0.0,0.03
1582012800000,0.0,0.5
1582016400000,0.0,0.55
1582020000000,0.0,0.84
1582023600000,0.0,1.02
1582027200000,0.0,0.79
1582030800000,0.0,0.61
1582034400000,0.0,0.52
1582038000000,0.0,0.44
1582041600000,0.0,0.23
1582045200000,0.0,0.0
1582048800000,0.0,0.0
1582052400000,0.0,0.0
1582056000000,0.0,0.0
1582059600000,0.0,0.0
1582063200000,0.0,0.0
1582066800000,0.0,0.0
1582070400000,0.0,0.0
1582074000000,0.0,0.0
1582077600000,0.0,0.0
1582081200000,0.0,0.0
1582084800000,0.0,0.0
1582088400000,0.0,0.0
1582092000000,0.0,0.0
1582095600000,0.0,0.0
1582099200000,0.0,0.13
1582102800000,0.0,0.33
1582106400000,0.0,1.52
1582110000000,0.0,2.52
1582113600000,0.0,1.13
1582117200000,0.0,1.51
1582120800000,0.0,4.28
1582124400000,0.0,2.6
1582128000000,0.0,0.58
1582131600000,0.0,0.0
1582135200000,0.0,0.0
1582138800000,0.0,0.0
1582142400000,0.0,0.0
1582146000000,0.0,0.0
1582149600000,0.0,0.0
1582153200000,0.0,0.0
1582156800000,0.0,0.0
1582160400000,0.0,0.0
1582164000000,0.0,0.0
1582167600000,0.0,0.0
1582171200000,0.0,0.0
1582174800000,0.0,0.0
1582178400000,0.0,0.0
1582182000000,0.0,0.02
1582185600000,0.0,0.25
1582189200000,0.0,1.47
1582192800000,0.0,1.24
1582196400000,0.0,1.04
1582200000000,0.0,3.27
1582203600000,0.0,0.76
1582207200000,0.0,0.99
1582210800000,0.0,0.67
1582214400000,0.0,0.03
1582218000000,0.3,0.0
1582221600000,0.4,0.0
1582225200000,0.5,0.0
1582228800000,0.0,0.0
1582236000000,0.0,0.0
1582239600000,0.0,0.0
1582243200000,0.0,0.0
1582246800000,0.3,0.0
1582250400000,0.5,0.0
1582254000000,0.2,0.0
1582257600000,0.1,0.0
1582261200000,0.0,0.0
1582264800000,0.0,0.0
1582268400000,0.0,0.06
1582272000000,0.0,0.49
1582275600000,0.0,2.24
1582279200000,0.0,4.69
1582282800000,0.0,6.12
1582286400000,0.0,6.46
1582290000000,0.0,5.06
1582293600000,0.0,4.48
1582297200000,0.0,2.11
1582300800000,0.0,0.17
1582304400000,0.0,0.0
1582308000000,0.0,0.0
1582311600000,0.0,0.0
1582315200000,0.0,0.0
1582318800000,0.0,0.0
1582326000000,0.0,0.0
1582329600000,0.0,0.0
1582333200000,0.0,0.0
1582336800000,0.0,0.0
1582340400000,0.0,0.0
1582344000000,0.0,0.0
1582347600000,0.0,0.0
1582351200000,0.0,0.0
1582354800000,0.0,0.0
1582358400000,0.0,0.1
1582362000000,0.1,0.16
1582365600000,0.2,0.34
1582369200000,0.0,0.78
1582372800000,0.0,0.78
1582376400000,0.0,1.21
1582380000000,0.0,1.39
1582383600000,0.0,0.51
1582387200000,0.0,0.22
1582390800000,0.0,0.0
1582394400000,0.0,0.0
1582398000000,0.0,0.0
1582401600000,0.0,0.0
1582405200000,0.0,0.0
1582408800000,0.0,0.0
1582412400000,0.0,0.0
1582416000000,0.0,0.0
1582419600000,0.0,0.0
1582423200000,0.0,0.0
1582430400000,0.0,0.0
1582434000000,0.0,0.0
1582437600000,0.0,0.0
1582441200000,0.0,0.05
1582444800000,0.0,0.53
1582448400000,0.0,2.24
1582452000000,0.0,4.75
1582455600000,0.0,6.45
1582459200000,0.0,6.72
1582462800000,0.0,4.0
1582466400000,0.0,1.38
1582470000000,0.0,0.64
1582473600000,0.0,0.22
1582477200000,0.0,0.0
1582480800000,0.0,0.0
1582484400000,0.0,0.0
1582488000000,0.0,0.0
1582491600000,0.0,0.0
1582495200000,0.0,0.0
1582498800000,0.0,0.0
1582502400000,0.0,0.0
1582506000000,0.0,0.0
1582509600000,0.0,0.0
1582513200000,0.0,0.0
1582516800000,0.0,0.0
1582520400000,0.0,0.0
1582524000000,0.0,0.0
1582527600000,0.0,0.07
1582531200000,0.0,0.49
1582534800000,0.0,2.39
1582538400000,0.0,4.87
1582542000000,0.0,6.4
1582545600000,0.0,6.7
1582549200000,0.0,6.33
1582552800000,0.0,5.33
1582556400000,0.0,3.12
1582560000000,0.0,0.54
1582563600000,0.0,0.0
1582567200000,0.0,0.0
1582570800000,0.0,0.0
1582574400000,0.0,0.0
1582578000000,0.0,0.0
1582581600000,0.0,0.0
1582585200000,0.0,0.0
1582588800000,0.0,0.0
1582592400000,0.0,0.0
1582596000000,0.0,0.0
1582599600000,0.0,0.0
1582603200000,0.0,0.0
1582606800000,0.0,0.0
1582610400000,0.0,0.0
1582614000000,0.0,0.08
1582617600000,0.0,0.55
1582621200000,0.0,1.43
1582624800000,0.0,2.1
1582628400000,0.0,2.17
1582632000000,0.0,1.48
1582635600000,0.0,1.48
1582639200000,0.0,0.7
1582642800000,0.0,0.38
1582646400000,0.0,0.13
1582650000000,0.0,0.0
1582653600000,0.0,0.0
1582657200000,0.0,0.0
1582660800000,0.0,0.0
1582664400000,0.1,0.0
1582668000000,0.1,0.0
1582675200000,0.0,0.0
1582678800000,0.0,0.0
1582682400000,0.0,0.0
1582686000000,0.0,0.0
1582689600000,0.0,0.0
1582693200000,0.0,0.0
1582696800000,0.0,0.0
1582700400000,0.0,0.06
1582704000000,0.0,0.41
1582707600000,0.0,0.93
1582711200000,0.0,1.97
1582714800000,0.0,2.12
1582718400000,0.0,1.95
1582722000000,0.0,2.42
1582725600000,0.0,2.44
1582729200000,0.0,0.74
1582732800000,0.0,0.24
1582736400000,0.0,0.0
1582740000000,0.0,0.0
1582743600000,0.0,0.0
1582747200000,0.0,0.0
1582750800000,0.0,0.0
1582754400000,0.0,0.0
1582758000000,0.0,0.0
1582761600000,0.0,0.0
1582765200000,0.1,0.0
1582768800000,0.4,0.0
1582772400000,0.1,0.0
1582776000000,0.1,0.0
1582779600000,0.1,0.0
1582783200000,0.1,0.0
1582786800000,0.1,0.0
1582790400000,0.2,0.02
1582794000000,0.3,0.05
1582797600000,0.5,0.02
1582801200000,0.1,0.02
1582804800000,0.1,0.03
1582808400000,0.1,0.01
1582812000000,0.0,0.0
1582815600000,0.0,0.0
1582819200000,0.0,0.0
1582822800000,0.1,0.0
1582826400000,0.1,0.0
1582830000000,0.0,0.0
1582833600000,0.0,0.0
1582844400000,0.0,0.0
1582848000000,0.0,0.0
1582851600000,0.0,0.0
1582858800000,0.0,0.0
1582862400000,0.0,0.0
1582866000000,0.0,0.0
1582869600000,0.0,0.0
1582873200000,0.0,0.0
1582876800000,0.0,0.01
1582880400000,0.0,0.13
1582884000000,0.0,0.31
1582887600000,0.0,1.72
1582891200000,0.0,5.98
1582894800000,0.0,6.47
1582898400000,0.0,5.66
1582902000000,0.0,2.75
1582905600000,0.0,1.11
1582909200000,0.0,0.03
1582912800000,0.0,0.0
1582916400000,0.0,0.0
1582920000000,0.0,0.0
1582923600000,0.0,0.0
1582927200000,0.0,0.0
1582930800000,0.0,0.0
1582934400000,0.0,0.0
1582938000000,0.0,0.0
1582941600000,0.0,0.0
1582945200000,0.0,0.0
1582948800000,0.0,0.0
1582952400000,0.2,0.0
1582956000000,0.1,0.0
1582959600000,0.0,0.08
1582963200000,0.0,0.36
1582966800000,0.0,0.76
1582970400000,0.0,1.72
1582974000000,0.0,2.04
1582977600000,0.0,1.48
1582981200000,0.0,1.4
1582984800000,0.0,1.19
1582988400000,0.0,0.56
1582992000000,0.0,0.16
1582995600000,0.0,0.01
1582999200000,0.0,0.0
1583002800000,0.0,0.0
1583006400000,0.1,0.0
1583010000000,0.6,0.0
1583013600000,0.5,0.0
1583017200000,0.3,0.0
1583020800000,0.5,0.0
1583024400000,0.2,0.0
1583028000000,0.1,0.0
1583031600000,1.4,0.0
1583035200000,2.7,0.0
1583038800000,0.6,0.0
1583042400000,0.1,0.0
1583046000000,0.0,0.11
1583049600000,0.0,0.68
1583053200000,0.0,2.22
1583056800000,0.0,1.11
1583060400000,0.0,1.29
1583064000000,0.2,0.61
1583067600000,0.7,0.65
1583071200000,0.1,0.83
1583074800000,0.0,0.63
1583078400000,0.0,0.35
1583082000000,0.0,0.03
1583085600000,0.0,0.0
1583089200000,0.0,0.0
1583092800000,0.0,0.0
1583096400000,0.0,0.0
1583100000000,0.0,0.0
1583103600000,0.0,0.0
1583107200000,0.0,0.0
1583110800000,0.0,0.0
1583114400000,0.0,0.0
1583118000000,0.0,0.0
1583121600000,0.0,0.0
1583125200000,0.0,0.0
1583128800000,0.0,0.01
1583132400000,0.0,0.2
1583136000000,0.0,0.86
1583139600000,0.0,1.3
1583143200000,0.0,2.43
1583146800000,0.0,5.56
1583150400000,0.0,6.99
1583154000000,0.0,4.34
1583157600000,0.0,1.54
1583161200000,0.0,0.73
1583164800000,0.0,0.3
1583168400000,0.0,0.02
1583172000000,0.2,0.0
1583175600000,0.2,0.0
1583179200000,0.8,0.0
1583182800000,0.1,0.0
1583186400000,0.0,0.0
1583190000000,0.0,0.0
1583193600000,0.2,0.0
1583197200000,0.0,0.0
1583200800000,0.0,0.0
1583204400000,0.0,0.0
1583208000000,0.0,0.0
1583211600000,0.0,0.0
1583215200000,0.1,0.0
1583218800000,0.4,0.02
1583222400000,0.0,0.17
1583226000000,0.0,0.28
1583229600000,0.0,0.35
1583233200000,0.0,0.36
1583236800000,0.0,0.3
1583240400000,0.0,0.25
1583244000000,0.0,0.36
1583247600000,0.0,0.09
1583251200000,0.0,0.03
1583254800000,0.0,0.0
1583258400000,0.0,0.0
1583262000000,0.0,0.0
1583265600000,0.0,0.0
1583269200000,0.0,0.0
1583272800000,0.1,0.0
1583276400000,0.2,0.0
1583280000000,0.1,0.0
1583283600000,0.0,0.0
1583287200000,0.0,0.0
1583290800000,0.5,0.0
1583294400000,1.2,0.0
1583298000000,1.2,0.0
1583301600000,1.0,0.0
1583305200000,1.0,0.03
1583308800000,1.4,0.14
1583312400000,0.9,0.24
1583316000000,0.4,0.28
1583319600000,0.3,0.29
1583323200000,0.5,0.77
1583326800000,0.4,1.68
1583330400000,0.3,0.77
1583334000000,0.0,0.42
1583337600000,0.0,0.24
1583341200000,0.0,0.02
1583344800000,0.0,0.0
1583348400000,0.0,0.0
1583352000000,0.0,0.0
1583355600000,0.0,0.0
1583359200000,0.0,0.0
1583362800000,0.0,0.0
1583366400000,0.0,0.0
1583370000000,0.0,0.0
1583373600000,0.0,0.0
1583377200000,0.0,0.0
1583380800000,0.0,0.0
1583384400000,0.0,0.0
1583388000000,0.0,0.01
1583391600000,0.0,0.04
1583395200000,0.0,0.27
1583398800000,0.0,0.86
1583402400000,0.0,1.24
1583406000000,0.1,1.81
1583409600000,0.1,4.87
1583413200000,0.0,2.05
1583416800000,0.0,1.82
1583420400000,0.1,2.24
1583424000000,0.0,0.95
1583427600000,0.0,0.04
1583431200000,0.0,0.0
1583434800000,0.0,0.0
1583438400000,0.0,0.0
1583442000000,0.0,0.0
1583445600000,0.0,0.0
1583449200000,0.0,0.0
1583452800000,0.0,0.0
1583456400000,0.0,0.0
1583460000000,0.0,0.0
1583463600000,0.0,0.0
1583467200000,0.0,0.0
1583470800000,0.0,0.0
1583474400000,0.0,0.01
1583478000000,0.0,0.2
1583481600000,0.0,0.91
1583485200000,0.0,2.81
1583488800000,0.0,4.66
1583492400000,0.0,6.95
1583496000000,0.0,7.19
1583499600000,0.0,6.67
1583503200000,0.0,4.86
1583506800000,0.0,2.1
1583510400000,0.0,0.62
1583514000000,0.0,0.06
1583517600000,0.0,0.0
1583521200000,0.0,0.0
1583524800000,0.0,0.0
1583528400000,0.0,0.0
1583532000000,0.0,0.0
1583535600000,0.0,0.0
1583539200000,0.0,0.0
1583542800000,0.0,0.0
1583546400000,0.0,0.0
1583550000000,0.0,0.0
1583553600000,0.0,0.0
1583557200000,0.0,0.0
1583560800000,0.0,0.01
1583564400000,0.0,0.26
1583568000000,0.0,0.58
1583571600000,0.0,1.02
1583575200000,0.0,1.4
1583578800000,0.0,1.79
1583582400000,0.0,1.44
1583586000000,0.0,1.11
1583589600000,0.0,2.53
1583593200000,0.0,1.19
1583596800000,0.0,0.53
1583600400000,0.0,0.04
1583604000000,0.0,0.0
1583607600000,0.0,0.0
1583611200000,0.0,0.0
1583614800000,0.0,0.0
1583618400000,0.0,0.0
1583622000000,0.0,0.0
1583625600000,0.0,0.0
1583629200000,0.0,0.0
1583632800000,0.0,0.0
1583636400000,0.0,0.0
1583640000000,0.0,0.0
1583643600000,0.0,0.0
1583647200000,0.0,0.0
1583650800000,0.0,0.12
1583654400000,0.0,0.47
1583658000000,0.0,0.9
1583661600000,0.0,1.57
1583665200000,0.0,3.34
1583668800000,0.0,1.55
1583672400000,0.0,1.24
1583676000000,0.0,0.86
1583679600000,0.0,0.38
1583683200000,0.0,0.1
1583686800000,0.0,0.0
1583690400000,0.0,0.0
1583694000000,0.0,0.0
1583697600000,0.0,0.0
1583701200000,0.0,0.0
1583704800000,0.0,0.0
1583708400000,0.0,0.0
1583712000000,0.0,0.0
1583715600000,0.0,0.0
1583719200000,0.0,0.0
1583722800000,0.0,0.0
1583726400000,0.0,0.0
1583730000000,0.0,0.0
1583733600000,0.0,0.03
1583737200000,0.0,0.36
1583740800000,0.0,0.9
1583744400000,0.0,2.8
1583748000000,0.0,4.82
1583751600000,0.0,4.12
1583755200000,0.0,1.97
1583758800000,0.0,2.83
1583762400000,0.0,2.93
1583766000000,0.0,3.95
1583769600000,0.0,0.54
1583773200000,0.0,0.08
1583776800000,0.0,0.0
1583780400000,0.0,0.0
1583784000000,0.0,0.0
1583787600000,0.5,0.0
1583791200000,0.2,0.0
1583794800000,0.0,0.0
1583798400000,0.1,0.0
1583802000000,0.1,0.0
1583805600000,0.0,0.0
1583809200000,0.1,0.0
1583812800000,0.0,0.0
1583816400000,0.0,0.0
1583820000000,0.0,0.03
1583823600000,0.0,0.17
1583827200000,0.0,0.39
1583830800000,0.0,1.47
1583834400000,0.0,2.07
1583838000000,0.0,4.85
1583841600000,0.0,2.21
1583845200000,0.0,1.6
1583848800000,0.3,1.14
1583852400000,0.0,0.69
1583856000000,0.0,0.34
1583859600000,0.0,0.06
1583863200000,0.1,0.0
1583866800000,0.1,0.0
1583870400000,0.0,0.0
1583874000000,0.2,0.0
1583877600000,0.3,0.0
1583881200000,0.2,0.0
1583884800000,0.1,0.0
1583888400000,0.0,0.0
1583892000000,0.0,0.0
1583895600000,0.0,0.0
1583899200000,0.1,0.0
1583902800000,0.0,0.0
1583906400000,0.1,0.01
1583910000000,0.2,0.12
1583913600000,0.1,0.39
1583917200000,0.1,0.58
1583920800000,0.2,0.69
1583924400000,0.9,0.75
1583928000000,0.6,1.37
1583931600000,0.0,2.51
1583935200000,0.0,5.63
1583938800000,0.0,4.13
1583942400000,0.0,1.71
1583946000000,0.0,0.13
1583949600000,0.0,0.0
1583953200000,0.0,0.0
1583956800000,0.0,0.0
1583960400000,0.0,0.0
1583964000000,0.0,0.0
1583967600000,0.0,0.0
1583971200000,0.0,0.0
1583974800000,0.0,0.0
1583978400000,0.0,0.0
1583982000000,0.0,0.0
1583985600000,0.0,0.0
1583989200000,0.0,0.0
1583992800000,0.0,0.01
1583996400000,0.0,0.14
1584000000000,0.5,0.14
1584007200000,1.4,0.59
1584010800000,1.1,0.41
1584014400000,2.8,0.32
1584018000000,2.0,0.36
1584028800000,0.0,0.25
1584032400000,0.0,0.12
1584036000000,0.0,0.01
1584039600000,0.0,0.0
1584043200000,0.0,0.0
1584046800000,0.0,0.0
1584050400000,0.0,0.0
1584054000000,0.0,0.0
1584057600000,0.0,0.0
1584061200000,0.0,0.0
1584064800000,0.0,0.0
1584068400000,0.0,0.0
1584072000000,0.0,0.0
1584075600000,0.0,0.0
1584079200000,0.0,0.03
1584082800000,0.0,0.32
1584086400000,0.0,1.43
1584090000000,0.0,2.44
1584093600000,0.0,3.75
1584097200000,0.0,3.54
1584100800000,0.0,2.47
1584104400000,0.0,2.62
1584108000000,0.0,1.7
1584111600000,0.0,2.02
1584115200000,0.0,1.51
1584118800000,0.0,0.17
1584122400000,0.0,0.0
1584126000000,0.0,0.0
1584129600000,0.0,0.0
1584133200000,0.0,0.0
1584136800000,0.0,0.0
1584140400000,0.0,0.0
1584144000000,0.0,0.0
1584147600000,0.0,0.0
1584151200000,0.0,0.0
1584154800000,0.0,0.0
1584158400000,0.0,0.0
1584162000000,0.0,0.0
1584165600000,0.0,0.06
1584169200000,0.0,0.3
1584172800000,0.0,1.24
1584176400000,0.0,3.35
1584180000000,0.0,6.1
1584183600000,0.0,7.43
1584187200000,0.0,7.37
1584190800000,0.0,7.33
1584194400000,0.0,6.49
1584198000000,0.0,4.61
1584201600000,0.0,1.92
1584205200000,0.0,0.15
1584208800000,0.0,0.0
1584212400000,0.0,0.0
1584216000000,0.0,0.0
1584219600000,0.0,0.0
1584223200000,0.0,0.0
1584226800000,0.0,0.0
1584230400000,0.0,0.0
1584234000000,0.0,0.0
1584237600000,0.0,0.0
1584241200000,0.0,0.0
1584244800000,0.0,0.0
1584248400000,0.0,0.0
1584252000000,0.0,0.12
1584255600000,0.0,0.5
1584259200000,0.0,1.5
1584262800000,0.0,2.16
1584266400000,0.0,2.24
1584270000000,0.0,2.05
1584273600000,0.0,2.29
1584277200000,0.0,0.76
1584280800000,0.0,0.51
1584284400000,0.0,0.5
1584288000000,0.0,0.13
1584291600000,0.0,0.03
1584295200000,0.0,0.0
1584298800000,0.0,0.0
1584302400000,0.0,0.0
1584306000000,0.0,0.0
1584309600000,0.0,0.0
1584313200000,0.2,0.0
1584316800000,0.1,0.0
1584320400000,0.3,0.0
1584324000000,0.1,0.0
1584327600000,0.0,0.0
1584331200000,0.0,0.0
1584334800000,0.9,0.0
1584338400000,1.3,0.01
1584342000000,1.4,0.09
1584345600000,1.0,0.45
1584349200000,0.0,1.77
1584352800000,0.1,1.85
1584356400000,0.0,1.77
1584360000000,0.0,2.39
1584363600000,0.0,2.53
1584367200000,0.0,5.16
1584370800000,0.0,4.37
1584374400000,0.0,1.93
1584378000000,0.0,0.2
1584381600000,0.0,0.0
1584385200000,0.0,0.0
1584388800000,0.0,0.0
1584392400000,0.0,0.0
1584396000000,0.0,0.0
1584399600000,0.0,0.0
1584403200000,0.0,0.0
1584406800000,0.0,0.0
1584410400000,0.0,0.0
1584414000000,0.0,0.0
1584417600000,0.0,0.0
1584421200000,0.0,0.0
1584424800000,0.0,0.04
1584428400000,0.0,0.52
1584432000000,0.0,0.92
1584435600000,0.0,1.05
1584439200000,0.0,1.79
1584442800000,0.0,1.29
1584446400000,0.0,1.03
1584450000000,0.0,0.58
1584453600000,0.0,0.51
1584457200000,0.0,0.54
1584460800000,0.0,0.27
1584464400000,0.0,0.1
1584468000000,0.0,0.0
1584471600000,0.0,0.0
1584475200000,0.0,0.0
1584478800000,0.0,0.0
1584482400000,0.0,0.0
1584486000000,0.0,0.0
1584489600000,0.0,0.0
1584493200000,0.0,0.0
1584496800000,0.0,0.0
1584500400000,0.0,0.0
1584504000000,0.0,0.0
1584507600000,0.0,0.0
1584511200000,0.9,0.0
1584514800000,1.7,0.13
1584518400000,1.9,0.19
1584522000000,2.0,0.46
1584525600000,1.3,0.94
1584529200000,0.2,0.45
1584532800000,0.0,1.74
1584536400000,0.0,1.93
1584540000000,0.0,2.88
1584543600000,0.0,1.99
1584547200000,0.0,1.15
1584550800000,0.0,0.25
1584554400000,0.0,0.0
1584558000000,0.0,0.0
1584561600000,0.0,0.0
1584565200000,0.0,0.0
1584568800000,0.0,0.0
1584572400000,0.0,0.0
1584576000000,0.0,0.0
1584579600000,0.0,0.0
1584583200000,0.0,0.0
1584586800000,0.0,0.0
1584590400000,0.0,0.0
1584594000000,0.0,0.0
1584597600000,0.0,0.1
1584601200000,0.0,0.34
1584604800000,0.0,1.23
1584608400000,0.0,3.5
1584612000000,0.0,6.06
1584615600000,0.0,7.44
1584619200000,0.0,7.54
1584622800000,0.0,7.26
1584626400000,0.0,6.56
1584630000000,0.0,4.57
1584633600000,0.0,2.06
1584637200000,0.0,0.26
1584640800000,0.0,0.01
1584644400000,0.0,0.0
1584648000000,0.0,0.0
1584651600000,0.0,0.0
1584655200000,0.0,0.0
1584658800000,0.0,0.0
1584662400000,0.0,0.0
1584666000000,0.0,0.0
1584669600000,0.0,0.0
1584673200000,0.0,0.0
1584676800000,0.1,0.0
1584680400000,0.1,0.0
1584684000000,0.0,0.05
1584687600000,0.0,0.36
1584691200000,0.0,0.69
1584694800000,0.0,1.27
1584698400000,0.0,1.04
1584702000000,0.0,0.78
1584705600000,0.0,1.2
1584709200000,0.0,1.6
1584712800000,0.0,2.06
1584716400000,0.0,1.94
1584720000000,0.0,1.83
1584723600000,0.0,0.39
1584727200000,0.0,0.01
1584730800000,0.0,0.0
1584734400000,0.0,0.0
1584738000000,0.0,0.0
1584741600000,0.0,0.0
1584745200000,0.0,0.0
1584748800000,0.0,0.0
1584752400000,0.0,0.0
1584756000000,0.0,0.0
1584759600000,0.0,0.0
1584763200000,0.0,0.0
1584766800000,0.0,0.01
1584770400000,0.0,0.13
1584774000000,0.0,0.38
1584777600000,0.0,1.32
1584781200000,0.0,3.75
1584784800000,0.0,6.39
1584788400000,0.0,7.57
1584792000000,0.0,7.64
1584795600000,0.0,7.46
1584799200000,0.0,6.7
1584802800000,0.0,4.94
1584806400000,0.0,2.21
1584810000000,0.0,0.34
1584813600000,0.0,0.0
1584817200000,0.0,0.0
1584820800000,0.0,0.0
1584824400000,0.0,0.0
1584828000000,0.0,0.0
1584831600000,0.0,0.0
1584835200000,0.0,0.0
1584838800000,0.0,0.0
1584842400000,0.0,0.0
1584846000000,0.0,0.0
1584849600000,0.0,0.0
1584853200000,0.0,0.01
1584856800000,0.0,0.14
1584860400000,0.0,0.36
1584864000000,0.0,1.25
1584867600000,0.0,3.68
1584871200000,0.0,6.54
1584874800000,0.0,7.63
1584878400000,0.0,7.56
1584882000000,0.0,7.53
1584885600000,0.0,6.85
1584889200000,0.0,4.17
1584892800000,0.0,2.15
1584896400000,0.0,0.48
1584900000000,0.0,0.02
1584903600000,0.0,0.0
1584907200000,0.0,0.0
1584910800000,0.0,0.0
1584914400000,0.0,0.0
1584918000000,0.0,0.0
1584921600000,0.0,0.0
1584925200000,0.0,0.0
1584928800000,0.0,0.0
1584932400000,0.0,0.0
1584936000000,0.0,0.0
1584939600000,0.0,0.0
1584943200000,0.0,0.17
1584946800000,0.0,0.54
1584950400000,0.0,1.23
1584954000000,0.0,3.45
1584957600000,0.0,4.64
1584961200000,0.0,4.76
1584964800000,0.0,7.52
1584968400000,0.0,7.28
1584972000000,0.0,7.01
1584975600000,0.0,4.71
1584979200000,0.0,1.21
1584982800000,0.0,0.29
1584986400000,0.0,0.02
1584990000000,0.0,0.0
1584993600000,0.0,0.0
1584997200000,0.0,0.0
1585000800000,0.0,0.0
1585004400000,0.0,0.0
1585008000000,0.0,0.0
1585011600000,0.0,0.0
1585015200000,0.0,0.0
1585018800000,0.0,0.0
1585022400000,0.0,0.0
1585026000000,0.0,0.01
1585029600000,0.0,0.32
1585033200000,0.0,0.77
1585036800000,0.0,1.6
1585040400000,0.0,3.46
1585044000000,0.0,2.96
1585047600000,0.0,4.01
1585051200000,0.0,3.52
1585054800000,0.0,2.72
1585058400000,0.0,1.68
1585062000000,0.0,3.16
1585065600000,0.0,1.35
1585069200000,0.0,0.34
1585072800000,0.0,0.01
1585076400000,0.0,0.0
1585080000000,0.0,0.0
1585083600000,0.0,0.0
1585087200000,0.0,0.0
1585090800000,0.0,0.0
1585094400000,0.0,0.0
1585098000000,0.0,0.0
1585101600000,0.0,0.0
1585105200000,0.0,0.0
1585108800000,0.0,0.0
1585112400000,0.0,0.01
1585116000000,0.0,0.27
1585119600000,0.0,0.87
1585123200000,0.0,1.79
1585126800000,0.0,3.37
1585130400000,0.0,5.33
1585134000000,0.0,7.01
1585137600000,0.0,4.74
1585141200000,0.0,5.3
1585144800000,0.0,5.42
1585148400000,0.0,2.99
1585152000000,0.0,1.72
1585155600000,0.0,0.51
1585159200000,0.0,0.02
1585162800000,0.0,0.0
1585166400000,0.0,0.0
1585170000000,0.0,0.0
1585173600000,0.0,0.0
1585177200000,0.0,0.0
1585180800000,0.0,0.0
1585184400000,0.0,0.0
1585188000000,0.0,0.0
1585191600000,0.0,0.0
1585195200000,0.0,0.0
1585198800000,0.0,0.01
1585202400000,0.0,0.17
1585206000000,0.0,0.46
1585209600000,0.0,1.56
1585213200000,0.0,3.24
1585216800000,0.0,6.28
1585220400000,0.0,7.48
1585224000000,0.0,7.66
1585227600000,0.0,7.47
1585231200000,0.0,6.64
1585234800000,0.0,4.93
1585238400000,0.0,2.29
1585242000000,0.0,0.43
1585245600000,0.0,0.02
1585249200000,0.0,0.0
1585252800000,0.0,0.0
1585256400000,0.0,0.0
1585260000000,0.0,0.0
1585263600000,0.0,0.0
1585267200000,0.0,0.0
1585270800000,0.0,0.0
1585274400000,0.0,0.0
1585278000000,0.0,0.0
1585281600000,0.0,0.0
1585285200000,0.0,0.01
1585288800000,0.0,0.22
1585292400000,0.0,0.53
1585296000000,0.0,1.49
1585299600000,0.0,3.39
1585303200000,0.0,5.96
1585306800000,0.0,7.45
1585310400000,0.0,7.42
1585314000000,0.0,7.34
1585317600000,0.0,6.45
1585321200000,0.0,4.47
1585324800000,0.0,2.14
1585328400000,0.0,0.46
1585332000000,0.0,0.02
1585335600000,0.0,0.01
1585339200000,0.0,0.0
1585342800000,0.0,0.0
1585346400000,0.0,0.0
1585350000000,0.0,0.0
1585353600000,0.0,0.0
1585357200000,0.0,0.0
1585360800000,0.0,0.0
1585364400000,0.0,0.0
1585368000000,0.0,0.0
1585371600000,0.0,0.02
1585375200000,0.0,0.23
1585378800000,0.0,0.47
1585382400000,0.0,1.58
1585386000000,0.0,3.21
1585389600000,0.0,6.3
1585393200000,0.0,7.06
1585396800000,0.0,5.23
1585400400000,0.0,3.02
1585404000000,0.0,1.27
1585407600000,0.0,0.85
1585411200000,0.0,0.21
1585414800000,0.0,0.1
1585418400000,0.0,0.01
1585422000000,0.0,0.0
1585425600000,0.0,0.0
1585429200000,0.0,0.0
1585432800000,0.0,0.0
1585436400000,0.0,0.0
1585440000000,0.0,0.0
1585443600000,0.0,0.0
1585447200000,0.0,0.0
1585450800000,0.0,0.0
1585454400000,0.0,0.0
1585458000000,0.0,0.02
1585461600000,0.0,0.21
1585465200000,0.0,0.44
1585468800000,0.0,1.54
1585472400000,0.0,4.14
1585476000000,0.0,6.67
1585479600000,0.0,7.64
1585483200000,0.0,7.72
1585486800000,0.0,7.21
1585490400000,0.0,5.98
1585494000000,0.0,3.75
1585497600000,0.0,1.97
1585501200000,0.0,0.5
1585504800000,0.0,0.03
1585508400000,0.0,0.0
1585512000000,0.0,0.0
1585515600000,0.0,0.0
1585519200000,0.0,0.0
1585522800000,0.0,0.0
1585526400000,0.0,0.0
1585530000000,0.0,0.0
1585533600000,0.0,0.0
1585537200000,0.0,0.0
1585540800000,0.0,0.0
1585544400000,0.0,0.02
1585548000000,0.0,0.23
1585551600000,0.0,0.46
1585555200000,0.0,1.53
1585558800000,0.0,3.73
1585562400000,0.0,5.48
1585566000000,0.0,5.34
1585569600000,0.0,4.05
1585573200000,0.0,4.22
1585576800000,0.0,4.7
1585580400000,0.0,3.21
1585584000000,0.0,1.18
1585587600000,0.0,0.45
1585591200000,0.0,0.04
1585594800000,0.0,0.0
1585598400000,0.0,0.0
1585602000000,0.0,0.0
1585605600000,0.0,0.0
1585609200000,0.0,0.0
1585612800000,0.0,0.0
1585616400000,0.0,0.0
1585620000000,0.0,0.0
1585623600000,0.0,0.0
1585627200000,0.0,0.0
1585630800000,0.0,0.06
1585634400000,0.0,0.47
1585638000000,0.0,1.15
1585641600000,0.0,1.65
1585645200000,0.0,3.89
1585648800000,0.0,6.88
1585652400000,0.0,7.52
1585656000000,0.0,6.77
1585659600000,0.0,6.82
1585663200000,0.0,4.6
1585666800000,0.0,3.78
1585670400000,0.0,1.41
1585674000000,0.0,0.43
1585677600000,0.0,0.02
1585681200000,0.0,0.0
1585684800000,0.0,0.0
1585688400000,0.0,0.0
1585692000000,0.0,0.0
1585695600000,0.0,0.0
1585699200000,0.0,0.0
1585702800000,0.0,0.0
1585706400000,0.0,0.0
1585710000000,0.0,0.0
1585713600000,0.0,0.01
1585717200000,0.0,0.05
1585720800000,0.0,0.45
1585724400000,0.0,0.9
1585728000000,0.0,1.32
1585731600000,0.0,1.92
1585735200000,0.0,2.03
1585738800000,0.0,2.93
1585742400000,0.0,2.91
1585746000000,0.0,2.31
1585749600000,0.0,4.5
1585753200000,0.0,1.64
1585756800000,0.0,0.66
1585760400000,0.0,0.25
1585764000000,0.0,0.03
1585767600000,0.0,0.0
1585771200000,0.0,0.0
1585774800000,0.0,0.0
1585778400000,0.0,0.0
1585782000000,0.0,0.0
1585785600000,0.0,0.0
1585789200000,0.0,0.0
1585792800000,0.0,0.01
1585796400000,0.0,0.0
1585800000000,0.0,0.0
1585803600000,0.0,0.04
1585807200000,0.0,0.25
1585810800000,0.0,0.47
1585814400000,0.0,1.53
1585818000000,0.0,3.9
1585821600000,0.0,2.98
1585825200000,0.0,3.9
1585828800000,0.0,3.66
1585832400000,0.0,2.65
1585836000000,0.0,2.58
1585839600000,0.2,1.09
1585843200000,1.1,0.06
1585846800000,0.9,0.0
1585850400000,0.0,0.0
1585854000000,0.0,0.0
1585857600000,0.0,0.0
1585861200000,0.7,0.0
1585864800000,0.5,0.0
1585868400000,0.0,0.0
1585872000000,0.0,0.0
1585875600000,0.0,0.0
1585879200000,0.0,0.0
1585882800000,0.0,0.0
1585886400000,0.0,0.0
1585890000000,0.0,0.0
1585893600000,0.0,0.0
1585897200000,0.0,0.0
1585900800000,0.0,0.0
1585904400000,0.0,0.0
1585908000000,0.0,0.0
1585911600000,0.0,0.0
1585915200000,0.0,5.39
1585918800000,0.0,4.36
1585922400000,0.0,4.7
1585926000000,0.0,2.3
1585929600000,0.0,0.0
1585933200000,0.0,0.0
1585936800000,0.0,0.04
1585940400000,0.0,0.0
1585944000000,0.0,0.0
1585947600000,0.0,0.0
1585951200000,0.0,0.0
1585954800000,0.0,0.0
1585958400000,0.0,0.0
1585962000000,0.0,0.0
1585965600000,0.0,0.0
1585969200000,0.0,0.0
1585972800000,0.0,0.0
1585976400000,0.0,0.06
1585980000000,0.0,0.29
1585983600000,0.0,0.49
1585987200000,0.0,1.6
1585990800000,0.0,4.3
1585994400000,0.0,6.85
1585998000000,0.0,6.76
1586001600000,0.0,6.22
1586005200000,0.0,7.75
1586008800000,0.0,7.1
1586012400000,0.0,4.91
1586016000000,0.0,1.9
1586019600000,0.0,0.55
1586023200000,0.0,0.12
1586026800000,0.0,0.0
1586030400000,0.0,0.0
1586034000000,0.0,0.0
1586037600000,0.0,0.0
1586041200000,0.0,0.0
1586044800000,0.0,0.0
1586048400000,0.0,0.0
1586052000000,0.0,0.0
1586055600000,0.0,0.0
1586059200000,0.0,0.0
1586062800000,0.0,0.05
1586066400000,0.0,0.56
1586070000000,0.0,0.98
1586073600000,0.0,1.59
1586077200000,0.0,2.8
1586080800000,0.0,2.91
1586084400000,0.0,4.26
1586088000000,0.0,1.07
1586091600000,0.0,1.74
1586095200000,0.0,3.26
1586098800000,0.0,1.66
1586102400000,0.0,1.57
1586106000000,0.0,0.49
1586109600000,0.0,0.06
1586113200000,0.0,0.0
1586116800000,0.0,0.0
1586120400000,0.0,0.0
1586124000000,0.0,0.0
1586127600000,0.0,0.0
1586131200000,0.0,0.0
1586134800000,0.0,0.0
1586138400000,0.0,0.0
1586142000000,0.0,0.0
1586145600000,0.0,0.0
1586149200000,0.0,0.09
1586152800000,0.0,0.48
1586156400000,0.0,0.64
1586160000000,0.0,1.59
1586163600000,0.0,3.99
1586167200000,0.0,6.81
1586170800000,0.0,7.7
1586174400000,0.0,7.63
1586178000000,0.0,7.56
1586181600000,0.0,6.94
1586185200000,0.0,4.88
1586188800000,0.0,2.54
1586192400000,0.0,0.57
1586196000000,0.0,0.08
1586199600000,0.0,0.0
1586203200000,0.0,0.0
1586206800000,0.0,0.0
1586210400000,0.0,0.0
1586214000000,0.0,0.0
1586217600000,0.0,0.0
1586221200000,0.0,0.0
1586224800000,0.0,0.0
1586228400000,0.0,0.0
1586232000000,0.0,0.0
1586235600000,0.0,0.14
1586239200000,0.0,0.23
1586242800000,0.0,0.26
1586246400000,1.3,1.09
1586250000000,0.0,3.82
1586253600000,0.0,5.42
1586257200000,0.0,7.63
1586260800000,0.0,5.56
1586264400000,0.0,1.51
1586268000000,0.0,2.62
1586271600000,0.0,3.25
1586275200000,0.0,2.45
1586278800000,0.0,0.53
1586282400000,0.0,0.09
1586286000000,0.0,0.0
1586289600000,0.0,0.0
1586293200000,0.0,0.0
1586296800000,0.0,0.0
1586300400000,0.0,0.0
1586304000000,0.0,0.0
1586307600000,0.0,0.0
1586311200000,0.0,0.0
1586314800000,0.0,0.0
1586318400000,0.0,0.0
1586322000000,0.0,0.12
1586325600000,0.0,0.39
1586329200000,0.0,0.75
1586332800000,0.0,1.93
1586336400000,0.0,4.01
1586340000000,0.0,5.53
1586343600000,0.0,7.0
1586347200000,0.0,7.65
1586350800000,0.0,7.22
1586354400000,0.0,6.03
1586358000000,0.0,2.96
1586361600000,0.0,1.73
1586365200000,0.0,0.82
1586368800000,0.0,0.12
1586372400000,0.0,0.0
1586376000000,0.0,0.0
1586379600000,0.0,0.0
1586383200000,0.0,0.0
1586386800000,0.0,0.0
1586390400000,0.0,0.0
1586394000000,0.0,0.0
1586397600000,0.0,0.0
1586401200000,0.0,0.0
1586404800000,0.0,0.0
1586408400000,0.0,0.09
1586412000000,0.0,0.28
1586415600000,0.0,0.47
1586419200000,0.0,1.71
1586422800000,0.0,4.15
1586426400000,0.0,7.01
1586430000000,0.0,7.75
1586433600000,0.0,5.07
1586437200000,0.0,3.74
1586440800000,0.0,4.07
1586444400000,0.0,4.6
1586448000000,0.0,2.62
1586451600000,0.0,0.6
1586455200000,0.0,0.11
1586458800000,0.0,0.0
1586462400000,0.0,0.0
1586466000000,0.0,0.0
1586469600000,0.0,0.0
1586473200000,0.0,0.0
1586476800000,0.0,0.0
1586480400000,0.0,0.0
1586484000000,0.0,0.0
1586487600000,0.0,0.0
1586491200000,0.0,0.0
1586494800000,0.0,0.14
1586498400000,0.0,0.55
1586502000000,0.0,1.0
1586505600000,0.0,1.75
1586509200000,0.0,4.28
1586512800000,0.0,6.78
1586516400000,0.0,6.11
1586520000000,0.0,7.54
1586523600000,0.0,6.37
1586527200000,0.0,4.79
1586530800000,0.0,2.97
1586534400000,0.0,2.34
1586538000000,0.0,0.58
1586541600000,0.0,0.11
1586545200000,0.0,0.0
1586548800000,0.0,0.0
1586552400000,0.0,0.0
1586556000000,0.0,0.0
1586559600000,0.0,0.0
1586563200000,0.0,0.0
1586566800000,0.0,0.0
1586570400000,0.0,0.01
1586574000000,0.0,0.01
1586577600000,0.0,0.0
1586581200000,0.0,0.12
1586584800000,0.0,0.32
1586588400000,0.0,0.6
1586592000000,0.0,1.86
1586595600000,0.0,3.93
1586599200000,0.0,6.11
1586602800000,0.0,7.29
1586606400000,0.0,5.29
1586610000000,0.0,3.22
1586613600000,0.0,1.95
1586617200000,0.0,1.25
1586620800000,0.0,0.58
1586624400000,0.0,0.24
1586628000000,0.0,0.01
1586631600000,0.0,0.0
1586635200000,0.0,0.0
1586638800000,0.0,0.0
1586642400000,0.3,0.0
1586646000000,0.3,0.0
1586649600000,0.3,0.0
1586653200000,0.1,0.0
1586656800000,0.0,0.0
1586660400000,0.0,0.0
1586664000000,0.0,0.0
1586667600000,0.0,0.02
1586671200000,0.0,0.25
1586674800000,0.0,0.5
1586678400000,0.0,0.29
1586682000000,0.0,1.21
1586685600000,0.0,2.26
1586689200000,0.0,5.2
1586692800000,0.0,6.63
1586696400000,0.0,2.36
1586700000000,0.0,3.2
1586703600000,0.0,1.66
1586707200000,0.0,2.39
1586710800000,0.0,0.77
1586714400000,0.0,0.15
1586718000000,0.0,0.0
1586721600000,0.0,0.0
1586725200000,0.1,0.0
1586728800000,0.0,0.0
1586732400000,0.0,0.0
1586736000000,0.0,0.0
1586739600000,0.0,0.0
1586743200000,0.0,0.0
1586746800000,0.0,0.0
1586750400000,0.0,0.01
1586754000000,0.0,0.22
1586757600000,0.0,0.75
1586761200000,0.0,0.93
1586764800000,0.0,1.58
1586768400000,0.0,3.63
1586772000000,0.0,6.43
1586775600000,0.0,6.46
1586779200000,0.0,5.52
1586782800000,0.0,5.72
1586786400000,0.0,6.09
1586790000000,0.0,4.2
1586793600000,0.0,2.36
1586797200000,0.0,0.64
1586800800000,0.0,0.11
1586804400000,0.0,0.0
1586808000000,0.0,0.0
1586811600000,0.0,0.0
1586815200000,0.0,0.0
1586818800000,0.0,0.0
1586822400000,0.0,0.0
1586826000000,0.0,0.0
1586829600000,0.0,0.0
1586833200000,0.0,0.0
1586836800000,0.0,0.01
1586840400000,0.0,0.14
1586844000000,0.0,0.34
1586847600000,0.0,0.69
1586851200000,0.0,2.14
1586854800000,0.0,4.33
1586858400000,0.0,6.83
1586862000000,0.0,4.95
1586865600000,0.0,6.41
1586869200000,0.0,5.18
1586872800000,0.0,5.36
1586876400000,0.0,2.48
1586880000000,0.0,1.03
1586883600000,0.0,0.49
1586887200000,0.0,0.06
1586890800000,0.0,0.0
1586894400000,0.0,0.0
1586898000000,0.0,0.0
1586901600000,0.0,0.0
1586905200000,0.0,0.0
1586908800000,0.0,0.0
1586912400000,0.0,0.0
1586916000000,0.0,0.0
1586919600000,0.0,0.0
1586923200000,0.0,0.0
1586926800000,0.0,0.23
1586930400000,0.0,0.67
1586934000000,0.0,1.4
1586937600000,0.0,2.45
1586941200000,0.0,4.61
1586944800000,0.0,7.05
1586948400000,0.0,7.6
1586952000000,0.0,6.99
1586955600000,0.0,5.87
1586959200000,0.0,5.44
1586962800000,0.0,5.1
1586966400000,0.0,2.69
1586970000000,0.0,0.66
1586973600000,0.0,0.14
1586977200000,0.0,0.01
1586980800000,0.0,0.0
1586984400000,0.0,0.0
1586988000000,0.0,0.0
1586991600000,0.0,0.0
1586995200000,0.0,0.0
1586998800000,0.0,0.0
1587002400000,0.0,0.0
1587006000000,0.0,0.0
1587009600000,0.0,0.01
1587013200000,0.0,0.29
1587016800000,0.0,0.45
1587020400000,0.0,0.55
1587024000000,0.0,2.05
1587027600000,0.0,4.5
1587031200000,0.0,7.3
1587034800000,0.0,7.82
1587038400000,0.0,7.75
1587042000000,0.0,7.01
1587045600000,0.0,5.05
1587049200000,0.0,1.76
1587052800000,0.0,1.09
1587056400000,0.0,0.67
1587060000000,0.0,0.22
1587063600000,0.0,0.01
1587067200000,0.0,0.0
1587070800000,0.0,0.0
1587074400000,0.0,0.0
1587078000000,0.0,0.0
1587081600000,0.0,0.0
1587085200000,0.0,0.0
1587088800000,0.0,0.0
1587092400000,0.0,0.0
1587096000000,0.0,0.01
1587099600000,0.0,0.16
1587103200000,0.0,0.34
1587106800000,0.0,0.56
1587110400000,0.0,2.06
1587114000000,0.0,4.59
1587117600000,0.0,7.2
1587121200000,0.0,7.83
1587124800000,0.0,7.66
1587128400000,0.0,5.44
1587132000000,0.0,5.3
1587135600000,0.0,3.35
1587139200000,0.0,2.57
1587142800000,0.0,0.64
1587146400000,0.0,0.18
1587150000000,0.0,0.0
1587153600000,0.0,0.0
1587157200000,0.0,0.0
1587160800000,0.0,0.0
1587164400000,0.0,0.0
1587168000000,0.0,0.0
1587171600000,0.0,0.0
1587175200000,0.0,0.0
1587178800000,0.0,0.0
1587182400000,0.0,0.02
1587186000000,0.0,0.25
1587189600000,0.0,0.72
1587193200000,0.0,0.92
1587196800000,0.0,2.12
1587200400000,0.0,4.24
1587204000000,0.0,6.52
1587207600000,0.0,6.93
1587211200000,0.0,7.15
1587214800000,0.0,6.3
1587218400000,0.0,5.41
1587222000000,0.0,2.64
1587225600000,0.0,1.44
1587229200000,0.0,0.54
1587232800000,0.0,0.21
1587236400000,0.0,0.01
1587240000000,0.0,0.0
1587243600000,0.0,0.0
1587247200000,0.0,0.0
1587250800000,0.0,0.0
1587254400000,0.0,0.0
1587258000000,0.0,0.0
1587261600000,0.0,0.0
1587265200000,0.0,0.0
1587268800000,0.0,0.01
1587272400000,0.0,0.19
1587276000000,0.0,0.68
1587279600000,0.0,1.29
1587283200000,0.0,2.19
1587286800000,0.0,4.49
1587290400000,0.0,6.79
1587294000000,0.0,7.58
1587297600000,0.0,6.24
1587301200000,0.0,4.69
1587304800000,0.0,2.7
1587308400000,0.0,2.46
1587312000000,0.0,2.47
1587315600000,0.0,0.71
1587319200000,0.0,0.19
1587322800000,0.0,0.01
1587326400000,0.0,0.0
1587330000000,0.0,0.0
1587333600000,0.0,0.0
1587337200000,0.0,0.0
1587340800000,0.0,0.0
1587344400000,0.0,0.0
1587348000000,0.0,0.0
1587351600000,0.0,0.0
1587355200000,0.0,0.02
1587358800000,0.0,0.19
1587362400000,0.0,0.37
1587366000000,0.0,0.65
1587369600000,0.0,2.11
1587373200000,0.0,4.08
1587376800000,0.0,7.11
1587380400000,0.0,5.74
1587384000000,0.0,6.81
1587387600000,0.0,6.86
1587391200000,0.0,6.13
1587394800000,0.0,4.62
1587398400000,0.0,2.7
1587402000000,0.0,0.8
1587405600000,0.0,0.22
1587409200000,0.0,0.01
1587412800000,0.0,0.0
1587416400000,0.0,0.0
1587420000000,0.0,0.0
1587423600000,0.0,0.0
1587427200000,0.0,0.0
1587430800000,0.0,0.0
1587434400000,0.0,0.0
1587438000000,0.0,0.0
1587441600000,0.0,0.03
1587445200000,0.0,0.19
1587448800000,0.0,0.32
1587452400000,0.0,0.53
1587456000000,0.0,2.04
1587459600000,0.0,4.2
1587463200000,0.0,6.99
1587466800000,0.0,7.68
1587470400000,0.0,7.54
1587474000000,0.0,7.52
1587477600000,0.0,6.94
1587481200000,0.0,4.83
1587484800000,0.0,2.71
1587488400000,0.0,0.64
1587492000000,0.0,0.17
1587495600000,0.0,0.01
1587499200000,0.0,0.0
1587502800000,0.0,0.0
1587506400000,0.0,0.0
1587510000000,0.0,0.0
1587513600000,0.0,0.0
1587517200000,0.0,0.0
1587520800000,0.0,0.0
1587524400000,0.0,0.0
1587528000000,0.0,0.03
1587531600000,0.0,0.2
1587535200000,0.0,0.35
1587538800000,0.0,0.54
1587542400000,0.0,2.1
1587546000000,0.0,4.18
1587549600000,0.0,6.93
1587553200000,0.0,7.66
1587556800000,0.0,7.73
1587560400000,0.0,7.41
1587564000000,0.0,6.95
1587567600000,0.0,4.74
1587571200000,0.0,2.7
1587574800000,0.0,0.65
1587578400000,0.0,0.19
1587582000000,0.0,0.03
1587585600000,0.0,0.0
1587589200000,0.0,0.0
1587592800000,0.0,0.0
1587596400000,0.0,0.0
1587600000000,0.0,0.0
1587603600000,0.0,0.0
1587607200000,0.0,0.0
1587610800000,0.0,0.0
1587614400000,0.0,0.04
1587618000000,0.0,0.25
1587621600000,0.0,0.39
1587625200000,0.0,0.57
1587628800000,0.0,2.17
1587632400000,0.0,4.46
1587636000000,0.0,7.14
1587639600000,0.0,7.76
1587643200000,0.0,7.62
1587646800000,0.0,7.54
1587650400000,0.0,6.73
1587654000000,0.0,4.86
1587657600000,0.0,2.68
1587661200000,0.0,0.7
1587664800000,0.0,0.2
1587668400000,0.0,0.02
1587672000000,0.0,0.0
1587675600000,0.0,0.0
1587679200000,0.0,0.0
1587682800000,0.0,0.0
1587686400000,0.0,0.0
1587690000000,0.0,0.0
1587693600000,0.0,0.0
1587697200000,0.0,0.0
1587700800000,0.0,0.03
1587704400000,0.0,0.41
1587708000000,0.0,0.9
1587711600000,0.0,1.49
1587715200000,0.0,2.51
1587718800000,0.0,4.03
1587722400000,0.0,5.77
1587726000000,0.0,5.69
1587729600000,0.0,5.68
1587733200000,0.0,3.01
1587736800000,0.0,2.38
1587740400000,0.0,2.74
1587744000000,0.0,0.96
1587747600000,0.0,0.4
1587751200000,0.0,0.11
1587754800000,0.0,0.0
1587758400000,0.0,0.0
1587762000000,0.0,0.0
1587765600000,0.0,0.0
1587769200000,0.0,0.0
1587772800000,0.0,0.0
1587776400000,0.0,0.0
1587780000000,0.0,0.0
1587783600000,0.0,0.0
1587787200000,0.0,0.01
1587790800000,0.0,0.28
1587794400000,0.0,0.55
1587798000000,0.0,1.43
1587801600000,0.0,2.45
1587805200000,0.0,3.37
1587808800000,0.0,3.88
1587812400000,0.0,4.41
1587816000000,0.0,7.32
1587819600000,0.0,6.38
1587823200000,0.0,3.37
1587826800000,0.0,2.83
1587830400000,0.0,1.9
1587834000000,0.0,0.72
1587837600000,0.0,0.22
1587841200000,0.0,0.0
1587844800000,0.0,0.0
1587848400000,0.0,0.0
1587852000000,0.0,0.0
1587855600000,0.0,0.0
1587859200000,0.0,
1587862800000,0.0,
1587866400000,0.0,
1587870000000,0.0,
1587873600000,0.0,
1587877200000,0.0,
1587880800000,0.0,
1587884400000,0.0,
1587888000000,0.0,
1587891600000,0.0,
1587895200000,0.0,
1587898800000,0.0,
1587902400000,0.0,
1587906000000,0.0,
1587909600000,0.0,
1587913200000,0.0,
1587916800000,0.0,
1587920400000,0.0,
1587924000000,0.0,
1587927600000,0.0,
1587931200000,0.0,
1587934800000,0.0,
1587938400000,0.0,
1587942000000,0.0,
1587945600000,0.0,
1587949200000,0.0,
1587952800000,0.0,
1587956400000,0.0,
1587960000000,0.0,
1587963600000,0.0,
1587967200000,0.0,
1587970800000,0.0,
1587974400000,0.0,
1587978000000,0.0,
1587981600000,0.0,
1587985200000,0.0,
1587988800000,0.0,
1587992400000,0.0,
1587996000000,0.0,
1587999600000,0.0,
1588003200000,0.2,
1588006800000,0.4,
1588010400000,1.0,
1588014000000,1.1,
1588017600000,0.5,
1588021200000,0.5,
1588024800000,0.3,
1588028400000,0.0,
1588032000000,0.0,
1588035600000,0.1,
1588039200000,0.6,
1588042800000,1.1,
1588046400000,0.5,
1588050000000,0.3,
1588053600000,0.9,
1588057200000,1.2,
1588060800000,0.1,
1588064400000,0.0,
1588068000000,0.0,
1588071600000,0.0,
1588075200000,0.1,
1588078800000,0.1,
1588082400000,0.1,
1588086000000,0.0,
1588089600000,0.0,
1588093200000,0.0,
1588096800000,0.0,
1588100400000,0.0,
1588104000000,0.0,
1588107600000,0.0,
1588111200000,0.0,
1588114800000,0.0,
1588118400000,0.0,
1588122000000,0.0,
1588125600000,0.0,
1588129200000,0.0,
1588132800000,0.0,
1588136400000,0.0,
1588140000000,0.0,
1588143600000,0.0,
1588147200000,0.0,
1588150800000,0.0,
1588154400000,0.0,
1588158000000,0.0,
1588161600000,0.0,
1588165200000,0.0,
1588168800000,0.0,
1588172400000,0.0,
1588176000000,0.0,
1588179600000,0.0,
1588183200000,0.0,
1588186800000,0.0,
1588190400000,0.0,
1588194000000,0.0,
1588197600000,0.0,
1588201200000,0.0,
1588204800000,0.0,
1588208400000,0.0,
1588212000000,0.0,
1588215600000,0.0,
1588219200000,0.0,
1588222800000,0.0,
1588226400000,0.0,
1588230000000,0.0,
1588233600000,0.0,
1588237200000,0.0,
1588240800000,0.0,
1588244400000,0.0,
1588248000000,0.0,
1588251600000,0.0,
1588255200000,0.0,
1588258800000,0.0,
1588262400000,0.0,
1588266000000,0.0,
1588269600000,0.0,
1588273200000,0.0,
1588276800000,0.0,
1588280400000,0.0,
1588284000000,0.0,
1588287600000,1.0,
1588291200000,0.5,
1588294800000,0.3,
1588298400000,0.1,
1588302000000,0.1,
1588305600000,0.0,
1588309200000,0.0,
1588312800000,0.0,
1588316400000,0.0,
1588320000000,0.0,
1588323600000,0.1,
1588327200000,2.0,
1588330800000,0.3,
1588334400000,0.0,
1588338000000,0.0,
1588341600000,0.0,
1588345200000,0.0,
1588348800000,0.0,
1588352400000,0.0,
1588356000000,0.0,
1588359600000,0.0,
1588363200000,0.0,
1588366800000,0.0,
1588370400000,0.0,
1588374000000,0.1,
1588377600000,0.0,
1588381200000,0.0,
1588384800000,0.0,
1588388400000,0.0,
1588392000000,0.0,
1588395600000,0.0,
1588399200000,0.0,
1588402800000,0.0,
1588406400000,0.0,
1588410000000,0.0,
1588413600000,0.0,
1588417200000,0.0,
1588420800000,0.0,
1588424400000,0.0,
1588428000000,0.0,
1588431600000,0.0,
1588435200000,0.0,
1588438800000,0.0,
1588442400000,0.0,
1588446000000,0.0,
1588449600000,0.0,
1588453200000,0.0,
1588456800000,0.0,
1588460400000,0.0,
1588464000000,0.0,
1588467600000,0.0,
1588471200000,0.0,
1588474800000,0.0,
1588478400000,0.0,
1588482000000,0.0,
1588485600000,0.0,
1588489200000,0.0,
1588492800000,0.0,
1588496400000,0.1,
1588500000000,0.6,
1588503600000,0.0,
1588507200000,0.0,
1588510800000,0.0,
1588514400000,0.0,
1588518000000,0.0,
1588521600000,0.0,
1588525200000,0.0,
1588528800000,0.0,
1588532400000,0.0,
1588536000000,0.0,
1588539600000,0.0,
1588543200000,0.0,
1588546800000,0.0,
1588550400000,0.0,
1588554000000,0.0,
1588557600000,0.0,
1588561200000,0.0,
1588564800000,0.0,
1588568400000,0.0,
1588572000000,0.0,
1588575600000,0.0,
1588579200000,0.0,
1588582800000,0.0,
1588586400000,0.0,
1588590000000,0.0,
1588593600000,0.0,
1588597200000,0.0,
1588600800000,0.0,
1588604400000,0.0,
1588608000000,0.0,
1588611600000,0.0,
1588615200000,0.0,
1588618800000,0.0,
1588622400000,0.0,
1588626000000,0.0,
1588629600000,0.0,
1588633200000,0.0,
1588636800000,0.0,
1588640400000,0.0,
1588644000000,0.0,
1588647600000,0.0,
1588651200000,0.0,
1588654800000,0.0,
1588658400000,0.0,
1588662000000,0.0,
1588665600000,0.0,
1588669200000,0.0,
1588672800000,0.0,
1588676400000,0.0,
1588680000000,0.0,
1588683600000,0.0,
1588687200000,0.0,
1588690800000,0.0,
1588694400000,0.0,
1588698000000,0.0,
1588701600000,0.0,
1588705200000,0.0,
1588708800000,0.0,
1588712400000,0.0,
1588716000000,0.0,
1588719600000,0.0,
1588723200000,0.0,
1588726800000,0.0,
1588730400000,0.0,
1588734000000,0.0,
1588737600000,0.0,
1588741200000,0.0,
1588744800000,0.0,
1588748400000,0.0,
1588752000000,0.0,
1588755600000,0.0,
1588759200000,0.0,
1588762800000,0.0,
1588766400000,0.0,
1588770000000,0.0,
1588773600000,0.0,
1588777200000,0.0,
1588780800000,0.0,
1588784400000,0.0,
1588788000000,0.0,
1588791600000,0.0,
1588795200000,0.0,
1588798800000,0.0,
1588802400000,0.0,
1588806000000,0.0,
